problem_id,experiment_id,subtract_lim,rotate_lim,scale_factor,is_subtract,is_rotate,is_scale,disp.ratio_mean_02,disp.ratio_mean_05,disp.ratio_mean_10,disp.ratio_mean_25,disp.ratio_median_02,disp.ratio_median_05,disp.ratio_median_10,disp.ratio_median_25,disp.diff_mean_02,disp.diff_mean_05,disp.diff_mean_10,disp.diff_mean_25,disp.diff_median_02,disp.diff_median_05,disp.diff_median_10,disp.diff_median_25,ela_distr.skewness,ela_distr.kurtosis,ela_distr.number_of_peaks,ela_level.mmce_lda_10,ela_level.mmce_qda_10,ela_level.lda_qda_10,ela_level.mmce_lda_25,ela_level.mmce_qda_25,ela_level.lda_qda_25,ela_level.mmce_lda_50,ela_level.mmce_qda_50,ela_level.lda_qda_50,ela_meta.lin_simple.adj_r2,ela_meta.lin_simple.intercept,ela_meta.lin_simple.coef.min,ela_meta.lin_simple.coef.max,ela_meta.lin_simple.coef.max_by_min,ela_meta.lin_w_interact.adj_r2,ela_meta.quad_simple.adj_r2,ela_meta.quad_simple.cond,ela_meta.quad_w_interact.adj_r2,ic.h_max,ic.eps_s,ic_eps.max,ic.eps_ration,ic.m0,limo.avg_length_norm,limo.length_mean,limo.ratio_mean,nbc.nn_nb.sd_ratio,nbc.nn_nb.mean_ratio,nbc.nn_nb.cor,nbc.dist_ratio.coeff_var,nbc.nb_fitness.cor,pca.expl_var.cov_x,pca.expl_var.cor_x,pca.expl_var.cov_init,pca.expl_var.cor_init,pca.expl_var_PC1.cov_x,pca.expl_var_PC1.cor_x,pca.expl_var_PC1.cov_init,pca.expl_var_PC1.cor_init
1.0,0.0,0.0,7.0,1.0,0.0,1.0,0.0,"[0.12, 0.469506448503778, 0.005049979575671734]","[0.15, 0.21117008625127576, 0.009570550898481306]","[0.17, 0.11119526053829192, 0.01067667518832465]","[0.53, 3.35710076793659e-13, 0.021226882518984372]","[0.15, 0.21117008625127576, 0.0065752553434454825]","[0.14, 0.2819416298082479, 0.009323092341973323]","[0.17, 0.11119526053829192, 0.010576648435671892]","[0.49, 2.948425133635738e-11, 0.01889686428121666]","[0.12, 0.469506448503778, 0.5177072711372326]","[0.15, 0.21117008625127576, 0.9987176692414534]","[0.16, 0.1548386665118475, 1.113615669227927]","[0.53, 3.35710076793659e-13, 2.2152219344956077]","[0.15, 0.21117008625127576, 0.636106866321483]","[0.15, 0.21117008625127576, 0.9558789443314742]","[0.17, 0.11119526053829192, 1.0824265008927851]","[0.5, 1.0024645454361508e-11, 1.9365924181944552]","[0.52, 1.070075869779788e-12, 0.20246713200568867]","[0.46, 6.422179651064002e-10, 1.6954117614743758]","[0.21, 0.024055802841094577, 0.49999999999999994]","[0.0, 1.0, 0.0]","[0.14, 0.2819416298082479, 0.0018099999999999952]","[0.14, 0.2819416298082479, 0.04660184861827847]","[0.15, 0.21117008625127576, 0.0028499999999999992]","[0.23, 0.009878183186176536, 0.005770000000000008]","[0.24, 0.0061340334218580265, 0.2667589030860812]","[0.23, 0.009878183186176536, 0.005039999999999998]","[0.63, 6.314161651442317e-19, 0.011069999999999986]","[0.67, 1.3341803223979991e-21, 0.5837088095756915]","[0.57, 2.458151170682656e-15, 0.02154446856828402]","[0.31, 0.00012016164291946694, 1704315.3153201793]","[0.14, 0.2819416298082479, 16598.92110721225]","[1.0, 2.2087606931995054e-59, 1612818.784621131]","[1.0, 2.2087606931995054e-59, 1.3734026939541402]","[0.55, 3.0406585087050305e-14, 0.018454691575821587]","[0.86, 2.6058774037713476e-38, 0.04889927604373309]","[0.92, 1.2170049699100436e-45, 1.0357425044583053]","[0.47, 2.359168035084735e-10, 0.001783587207949081]","[0.18, 0.07822115797841851, 0.003781227608790642]","[0.29, 0.0004117410017938115, 0.020820820820820943]","[0.11, 0.5830090612540064, 7205.989407848143]","[0.24, 0.0061340334218580265, 0.04684684684684676]","[0.1, 0.7020569828664881, 0.0024148296593186334]","[0.18, 0.07822115797841851, 0.0051734637003581704]","[0.61, 1.1250455638865439e-17, 33354.93309160558]","[0.85, 3.231287980676471e-37, 1.0168387801219563]","[0.1, 0.7020569828664881, 0.0033799911251734265]","[0.08, 0.9084105017744525, 0.0008839115535765219]","[0.11, 0.5830090612540064, 0.003659891430694148]","[0.06, 0.9942356257694902, 0.0006242634918456928]","[0.4, 1.5550790371345692e-07, 0.004027259302499238]","[0.0, 1.0, 0.0]","[0.0, 1.0, 0.0]","[0.0, 1.0, 0.0]","[0.0, 1.0, 0.0]","[0.0, 1.0, 0.0]","[0.0, 1.0, 0.0]","[0.49, 2.948425133635738e-11, 3.7817526887806707e-14]","[0.32, 6.281176788972264e-05, 0.006580121508781503]"
1.0,0.0,0.0,4.0,1.0,0.0,1.0,0.0,"[0.09, 0.8154147124661313, 0.006763862957958772]","[0.39, 3.5690338557186834e-07, 0.032041283924697815]","[0.4, 1.5550790371345692e-07, 0.03042554789948311]","[0.35, 7.850159128072286e-06, 0.010279359186755835]","[0.08, 0.9084105017744525, 0.004724028924631097]","[0.4, 1.5550790371345692e-07, 0.029921146419448045]","[0.39, 3.5690338557186834e-07, 0.0278147489229036]","[0.31, 0.00012016164291946694, 0.009315329363477098]","[0.09, 0.8154147124661313, 0.7098108960935406]","[0.39, 3.5690338557186834e-07, 3.343677893575287]","[0.4, 1.5550790371345692e-07, 3.175221656430738]","[0.35, 7.850159128072286e-06, 1.0723878525349806]","[0.09, 0.8154147124661313, 0.49212763407792365]","[0.4, 1.5550790371345692e-07, 3.0663494863580736]","[0.39, 3.5690338557186834e-07, 2.8506940791234396]","[0.32, 6.281176788972264e-05, 0.9487184303999208]","[0.2, 0.03638428787491733, 0.04874597337034804]","[0.17, 0.11119526053829192, 0.39559112584665]","[0.03, 0.9999999999962054, 0.06000000000000005]","[0.0, 1.0, 0.0]","[0.28, 0.0007377026282063397, 0.004439999999999996]","[0.28, 0.0007377026282063397, 0.12819369441735265]","[0.07, 0.9684099261397212, 0.0013100000000000026]","[0.17, 0.11119526053829192, 0.0031600000000000044]","[0.19, 0.05390207893129876, 0.12753169326872155]","[0.12, 0.469506448503778, 0.0021800000000000014]","[0.27, 0.0012935059781377376, 0.00447]","[0.25, 0.0037294923618311367, 0.1796881208593023]","[0.24, 0.0061340334218580265, 0.00679360303514628]","[0.27, 0.0012935059781377376, 1098062.9653412797]","[0.1, 0.7020569828664881, 7180.845554315612]","[1.0, 2.2087606931995054e-59, 1430341.8586958284]","[1.0, 2.2087606931995054e-59, 1.2093475557744275]","[0.38, 8.001543644272532e-07, 0.013065785971996691]","[0.54, 1.0245697148897385e-13, 0.020063304361506485]","[0.42, 2.749465483696122e-08, 0.6245585786736015]","[0.14, 0.2819416298082479, 0.0004189675639094725]","[0.19, 0.05390207893129876, 0.005377788526735675]","[0.17, 0.11119526053829192, 0.012212212212212373]","[0.1, 0.7020569828664881, 8454.662418277137]","[0.13, 0.36818778606286096, 0.016816816816816793]","[0.13, 0.36818778606286096, 0.004178356713426854]","[0.18, 0.07822115797841851, 0.0069180581747049705]","[0.31, 0.00012016164291946694, 15178.58440809095]","[0.48, 8.448372017533173e-11, 0.3041871610911744]","[0.15, 0.21117008625127576, 0.004048475197752602]","[0.07, 0.9684099261397212, 0.0012305903341645473]","[0.12, 0.469506448503778, 0.0027743162553062945]","[0.07, 0.9684099261397212, 0.0010619897116297366]","[0.22, 0.015577131622877688, 0.0017843255608145847]","[0.0, 1.0, 0.0]","[0.0, 1.0, 0.0]","[0.0, 1.0, 0.0]","[0.0, 1.0, 0.0]","[0.0, 1.0, 0.0]","[0.0, 1.0, 0.0]","[0.32, 6.281176788972264e-05, 1.9135804052439193e-14]","[0.16, 0.1548386665118475, 0.0014657855757738204]"
1.0,0.0,0.0,3.0,1.0,0.0,1.0,0.0,"[0.18, 0.07822115797841851, 0.008273103365316212]","[0.19, 0.05390207893129876, 0.011464426625990263]","[0.15, 0.21117008625127576, 0.011927777947203268]","[0.92, 1.2170049699100436e-45, 0.04718479008687615]","[0.19, 0.05390207893129876, 0.008991681246238944]","[0.21, 0.024055802841094577, 0.011313442254753447]","[0.17, 0.11119526053829192, 0.011048731424527329]","[0.92, 1.2170049699100436e-45, 0.041354445027169826]","[0.17, 0.11119526053829192, 0.8567421836952073]","[0.18, 0.07822115797841851, 1.196483415023977]","[0.15, 0.21117008625127576, 1.2475786452796642]","[0.92, 1.2170049699100436e-45, 4.923656528405337]","[0.18, 0.07822115797841851, 0.9213807985609992]","[0.2, 0.03638428787491733, 1.1600629893667738]","[0.18, 0.07822115797841851, 1.1395613303382155]","[0.91, 2.596277269141426e-44, 4.236538223808029]","[1.0, 2.2087606931995054e-59, 0.7242961925927314]","[1.0, 2.2087606931995054e-59, 5.4631809463237975]","[0.59, 1.7671447393730104e-16, 1.51]","[0.0, 1.0, 0.0]","[0.11, 0.5830090612540064, 0.001489999999999996]","[0.11, 0.5830090612540064, 0.040249596379542736]","[0.62, 2.7084430241713094e-18, 0.017219999999999985]","[0.31, 0.00012016164291946694, 0.005980000000000006]","[0.49, 2.948425133635738e-11, 0.40370780116179267]","[0.45, 1.7047967801006258e-09, 0.010279999999999996]","[0.96, 1.4287357500157535e-51, 0.03374000000000001]","[0.97, 2.9009862944482307e-53, 1.0304465005740269]","[1.0, 2.2087606931995054e-59, 0.07218426983518077]","[0.83, 4.043861869934819e-35, 4932149.676686437]","[0.21, 0.024055802841094577, 22956.15736130143]","[1.0, 2.2087606931995054e-59, 1091952.6733505477]","[1.0, 2.2087606931995054e-59, 0.923282977135123]","[1.0, 2.2087606931995054e-59, 0.09771790123706202]","[1.0, 2.2087606931995054e-59, 0.1905916166325315]","[1.0, 2.2087606931995054e-59, 15.51577144264102]","[0.65, 3.108079571219943e-20, 0.002334775053325402]","[0.15, 0.21117008625127576, 0.00471969126795628]","[0.83, 4.043861869934819e-35, 0.07567567567567557]","[0.26, 0.002219935934558366, 36367.807238803776]","[0.33, 3.211428734211389e-05, 0.05725725725725727]","[0.09, 0.8154147124661313, 0.0016232464929859705]","[0.6, 4.528308394643339e-17, 0.022518114283282098]","[1.0, 2.2087606931995054e-59, 81342.3146863094]","[0.94, 1.8202093455200697e-48, 4.181825009047801]","[0.09, 0.8154147124661313, 0.0026297976765264413]","[0.07, 0.9684099261397212, 0.0010851635086253086]","[0.14, 0.2819416298082479, 0.004351475038066017]","[0.04, 0.999998821968263, 0.0006334539517238575]","[0.91, 2.596277269141426e-44, 0.013784758265199497]","[0.0, 1.0, 0.0]","[0.0, 1.0, 0.0]","[0.0, 1.0, 0.0]","[0.0, 1.0, 0.0]","[0.0, 1.0, 0.0]","[0.0, 1.0, 0.0]","[0.97, 2.9009862944482307e-53, 1.45266021434054e-13]","[0.87, 1.9509242595079607e-39, 0.01831975589472251]"
1.0,0.0,0.0,28.0,1.0,0.0,1.0,0.0,"[0.13, 0.36818778606286096, 0.008663769931644767]","[0.35, 7.850159128072286e-06, 0.029221695107498436]","[0.28, 0.0007377026282063397, 0.024369381526607732]","[0.69, 4.9622936758674526e-23, 0.030542548974126497]","[0.14, 0.2819416298082479, 0.008329796731890427]","[0.36, 3.751914289152195e-06, 0.028041585797688152]","[0.28, 0.0007377026282063397, 0.02171781259866227]","[0.64, 1.424536470142474e-19, 0.025913009147809595]","[0.13, 0.36818778606286096, 0.8997491579720188]","[0.35, 7.850159128072286e-06, 3.0494584809010243]","[0.28, 0.0007377026282063397, 2.5420194045073936]","[0.69, 4.9622936758674526e-23, 3.187084055624495]","[0.14, 0.2819416298082479, 0.8313334146430651]","[0.36, 3.751914289152195e-06, 2.874263696888962]","[0.28, 0.0007377026282063397, 2.2224664537980057]","[0.64, 1.424536470142474e-19, 2.6545267075337122]","[0.65, 3.108079571219943e-20, 0.2968844036860825]","[0.57, 2.458151170682656e-15, 2.514163467322166]","[0.2, 0.03638428787491733, 0.36]","[0.0, 1.0, 0.0]","[0.4, 1.5550790371345692e-07, 0.005489999999999992]","[0.39, 3.5690338557186834e-07, 0.16353987011670248]","[0.14, 0.2819416298082479, 0.0026899999999999927]","[0.48, 8.448372017533173e-11, 0.011350000000000016]","[0.43, 1.1151678185620634e-08, 0.47404243480529773]","[0.21, 0.024055802841094577, 0.005249999999999995]","[0.76, 1.4186622578252622e-28, 0.016999999999999977]","[0.8, 3.5640292810890176e-32, 0.9687765011394578]","[0.75, 9.987382295089846e-28, 0.03581382812856777]","[0.6, 4.528308394643339e-17, 4087539.565847843]","[0.78, 2.485563277850393e-30, 148112.6972667933]","[1.0, 2.2087606931995054e-59, 373892.6088004953]","[1.0, 2.2087606931995054e-59, 0.45329309505211246]","[0.8, 3.5640292810890176e-32, 0.0367988058774589]","[0.99, 4.417521386399011e-57, 0.08332129393576368]","[1.0, 2.2087606931995054e-59, 1.9063751554526935]","[0.81, 3.93815390175582e-33, 0.004493929788785165]","[0.08, 0.9084105017744525, 0.0018995311423010853]","[0.41, 6.617357604827955e-08, 0.034234234234234544]","[0.13, 0.36818778606286096, 12773.69381302553]","[0.26, 0.002219935934558366, 0.06746746746746742]","[0.09, 0.8154147124661313, 0.0018236472945891817]","[0.81, 3.93815390175582e-33, 0.03794647032458653]","[0.88, 1.349043370936356e-40, 69368.07284287811]","[0.94, 1.8202093455200697e-48, 1.257680211207801]","[0.1, 0.7020569828664881, 0.0027249438741182787]","[0.07, 0.9684099261397212, 0.0007616145059350899]","[0.13, 0.36818778606286096, 0.0040263495576653005]","[0.08, 0.9084105017744525, 0.0006659644105066727]","[0.62, 2.7084430241713094e-18, 0.006705785787766353]","[0.0, 1.0, 0.0]","[0.0, 1.0, 0.0]","[0.0, 1.0, 0.0]","[0.0, 1.0, 0.0]","[0.0, 1.0, 0.0]","[0.0, 1.0, 0.0]","[0.75, 9.987382295089846e-28, 7.027600723574777e-14]","[0.44, 4.414205948474835e-09, 0.009904064766033355]"
1.0,0.0,0.0,24.0,1.0,0.0,1.0,0.0,"[0.09, 0.8154147124661313, 0.006030997875964113]","[0.13, 0.36818778606286096, 0.00585392828311884]","[0.11, 0.5830090612540064, 0.007451672454032389]","[0.95, 5.600644140061753e-50, 0.056716164826704996]","[0.08, 0.9084105017744525, 0.006276027596524355]","[0.13, 0.36818778606286096, 0.006669900400312172]","[0.13, 0.36818778606286096, 0.0061379664508925975]","[0.97, 2.9009862944482307e-53, 0.04930481407383405]","[0.09, 0.8154147124661313, 0.6261044098469599]","[0.13, 0.36818778606286096, 0.6104908346925]","[0.12, 0.469506448503778, 0.7824422459564836]","[0.96, 1.4287357500157535e-51, 5.918158890000624]","[0.09, 0.8154147124661313, 0.606005139215719]","[0.14, 0.2819416298082479, 0.6842062687285615]","[0.15, 0.21117008625127576, 0.6386401313413103]","[0.97, 2.9009862944482307e-53, 5.050603538618246]","[1.0, 2.2087606931995054e-59, 0.9883334518074861]","[1.0, 2.2087606931995054e-59, 7.313836129387934]","[0.81, 3.93815390175582e-33, 2.12]","[0.0, 1.0, 0.0]","[0.1, 0.7020569828664881, 0.001039999999999997]","[0.1, 0.7020569828664881, 0.027946650657080845]","[0.67, 1.3341803223979991e-21, 0.019389999999999984]","[0.36, 3.751914289152195e-06, 0.006650000000000007]","[0.55, 3.0406585087050305e-14, 0.4432721963614643]","[0.43, 1.1151678185620634e-08, 0.008609999999999991]","[1.0, 2.2087606931995054e-59, 0.04685]","[0.99, 4.417521386399011e-57, 1.2321271557607365]","[1.0, 2.2087606931995054e-59, 0.09432303150568279]","[0.91, 2.596277269141426e-44, 5709643.463875365]","[1.0, 2.2087606931995054e-59, 1411368.0831729476]","[1.0, 2.2087606931995054e-59, 437111.44766372105]","[1.0, 2.2087606931995054e-59, 5.920085920744414]","[1.0, 2.2087606931995054e-59, 0.12575423264620475]","[1.0, 2.2087606931995054e-59, 0.24801206663751202]","[1.0, 2.2087606931995054e-59, 82.94291911487794]","[0.97, 2.9009862944482307e-53, 0.004471242069368499]","[0.15, 0.21117008625127576, 0.0034699871404486713]","[0.93, 5.044580186155621e-47, 0.10290290290290272]","[0.4, 1.5550790371345692e-07, 54586.43696364171]","[0.49, 2.948425133635738e-11, 0.09609609609609612]","[0.16, 0.1548386665118475, 0.003336673346693384]","[0.77, 1.923609841119e-29, 0.032683590964672216]","[1.0, 2.2087606931995054e-59, 95724.248086384]","[0.98, 4.395433779467016e-55, 13.089753355366762]","[0.08, 0.9084105017744525, 0.0023701580108443296]","[0.1, 0.7020569828664881, 0.0008242439561016192]","[0.13, 0.36818778606286096, 0.002644878665660493]","[0.09, 0.8154147124661313, 0.001016625165129643]","[0.98, 4.395433779467016e-55, 0.017639782143664105]","[0.0, 1.0, 0.0]","[0.0, 1.0, 0.0]","[0.0, 1.0, 0.0]","[0.16, 0.1548386665118475, 0.053333333333333344]","[0.0, 1.0, 0.0]","[0.0, 1.0, 0.0]","[0.99, 4.417521386399011e-57, 1.8439250126789371e-13]","[0.94, 1.8202093455200697e-48, 0.023871420058474323]"
1.0,0.0,0.0,14.0,1.0,0.0,1.0,0.0,"[0.04, 0.999998821968263, 0.0028176995389979694]","[0.31, 0.00012016164291946694, 0.01846332866143211]","[0.19, 0.05390207893129876, 0.015214156500144831]","[0.71, 1.5875242925891747e-24, 0.03181845313371594]","[0.08, 0.9084105017744525, 0.00454179719990358]","[0.27, 0.0012935059781377376, 0.01788337355354536]","[0.17, 0.11119526053829192, 0.013587600281628516]","[0.67, 1.3341803223979991e-21, 0.02735523189289877]","[0.04, 0.999998821968263, 0.2929443279657556]","[0.31, 0.00012016164291946694, 1.9264262827411516]","[0.19, 0.05390207893129876, 1.5851809836386157]","[0.72, 2.6766397956445386e-25, 3.320227339501125]","[0.08, 0.9084105017744525, 0.44487685155388423]","[0.26, 0.002219935934558366, 1.8313702564665617]","[0.2, 0.03638428787491733, 1.3848461313622173]","[0.66, 6.55317981883723e-21, 2.8023494325808054]","[0.61, 1.1250455638865439e-17, 0.26670772363124096]","[0.54, 1.0245697148897385e-13, 2.2164789504967493]","[0.23, 0.009878183186176536, 0.43999999999999995]","[0.01, 1.0, 1.000000000000001e-05]","[0.07, 0.9684099261397212, 0.0007100000000000007]","[0.08, 0.9084105017744525, 0.01904800880215038]","[0.15, 0.21117008625127576, 0.0023899999999999963]","[0.39, 3.5690338557186834e-07, 0.009469999999999998]","[0.4, 1.5550790371345692e-07, 0.41158475385255466]","[0.23, 0.009878183186176536, 0.0061999999999999954]","[0.7, 9.048888467758296e-24, 0.014849999999999985]","[0.77, 1.923609841119e-29, 0.8384655816858877]","[0.69, 4.9622936758674526e-23, 0.03222551701081758]","[0.53, 3.35710076793659e-13, 3462647.0165384635]","[0.93, 5.044580186155621e-47, 203731.942063327]","[1.0, 2.2087606931995054e-59, 399429.69617462944]","[1.0, 2.2087606931995054e-59, 0.541241754424819]","[0.81, 3.93815390175582e-33, 0.032496272807625806]","[0.98, 4.395433779467016e-55, 0.07395815942777732]","[1.0, 2.2087606931995054e-59, 1.6398805512011116]","[0.74, 6.722276544772013e-27, 0.0037093482400307864]","[0.17, 0.11119526053829192, 0.0032766063233698782]","[0.4, 1.5550790371345692e-07, 0.03603603603603638]","[0.1, 0.7020569828664881, 7748.863354765681]","[0.32, 6.281176788972264e-05, 0.058658658658658616]","[0.05, 0.9996892272702655, 0.0016432865731462881]","[0.65, 3.108079571219943e-20, 0.034866991016879914]","[0.83, 4.043861869934819e-35, 57746.97546574175]","[0.93, 5.044580186155621e-47, 1.0584447713499139]","[0.09, 0.8154147124661313, 0.003504690898510048]","[0.05, 0.9996892272702655, 0.0008701686806008025]","[0.08, 0.9084105017744525, 0.003473095750022594]","[0.06, 0.9942356257694902, 0.0005256204779602652]","[0.6, 4.528308394643339e-17, 0.006613734068952219]","[0.0, 1.0, 0.0]","[0.0, 1.0, 0.0]","[0.0, 1.0, 0.0]","[0.0, 1.0, 0.0]","[0.0, 1.0, 0.0]","[0.0, 1.0, 0.0]","[0.72, 2.6766397956445386e-25, 6.261879903490808e-14]","[0.38, 8.001543644272532e-07, 0.008904127509479116]"
1.0,0.0,0.0,22.0,1.0,0.0,1.0,0.0,"[0.08, 0.9084105017744525, 0.004409439738161583]","[0.11, 0.5830090612540064, 0.00589404437022848]","[0.07, 0.9684099261397212, 0.004361304972040347]","[0.49, 2.948425133635738e-11, 0.018213911698740717]","[0.09, 0.8154147124661313, 0.005251072780197204]","[0.12, 0.469506448503778, 0.007114602862616559]","[0.06, 0.9942356257694902, 0.004159026043642986]","[0.44, 4.414205948474835e-09, 0.015896148643761716]","[0.07, 0.9684099261397212, 0.4602333569500121]","[0.11, 0.5830090612540064, 0.614841999770308]","[0.07, 0.9684099261397212, 0.4566010233114264]","[0.49, 2.948425133635738e-11, 1.9007649319729725]","[0.1, 0.7020569828664881, 0.5209232938697974]","[0.12, 0.469506448503778, 0.7331402118543842]","[0.07, 0.9684099261397212, 0.4205270767156941]","[0.45, 1.7047967801006258e-09, 1.6289858431502688]","[0.32, 6.281176788972264e-05, 0.1278448901181399]","[0.3, 0.0002248739317492479, 1.034672172588348]","[0.1, 0.7020569828664881, 0.21999999999999992]","[0.0, 1.0, 0.0]","[0.15, 0.21117008625127576, 0.0022800000000000016]","[0.16, 0.1548386665118475, 0.05644011953180664]","[0.1, 0.7020569828664881, 0.0016599999999999929]","[0.27, 0.0012935059781377376, 0.006510000000000007]","[0.25, 0.0037294923618311367, 0.289300601386284]","[0.15, 0.21117008625127576, 0.004149999999999999]","[0.59, 1.7671447393730104e-16, 0.011989999999999983]","[0.65, 3.108079571219943e-20, 0.62223554003169]","[0.47, 2.359168035084735e-10, 0.01808861115234871]","[0.25, 0.0037294923618311367, 1841056.8853784003]","[1.0, 2.2087606931995054e-59, 2052241.6093901533]","[1.0, 2.2087606931995054e-59, 424882.59504644544]","[1.0, 2.2087606931995054e-59, 1.9699949614781513]","[0.56, 8.771130313572204e-15, 0.021817138141513964]","[0.78, 2.485563277850393e-30, 0.04636834423495872]","[0.86, 2.6058774037713476e-38, 0.9862510069571269]","[0.33, 3.211428734211389e-05, 0.0015724800615276979]","[0.1, 0.7020569828664881, 0.0015238424332968256]","[0.24, 0.0061340334218580265, 0.01781781781781799]","[0.11, 0.5830090612540064, 11121.034952640373]","[0.19, 0.05390207893129876, 0.034834834834834794]","[0.15, 0.21117008625127576, 0.00444889779559118]","[0.22, 0.015577131622877688, 0.005275756962859644]","[0.55, 3.0406585087050305e-14, 30071.03891364056]","[0.88, 1.349043370936356e-40, 0.8439564189108089]","[0.07, 0.9684099261397212, 0.0020290798687252875]","[0.1, 0.7020569828664881, 0.0010446668050125344]","[0.11, 0.5830090612540064, 0.0027632467532528173]","[0.07, 0.9684099261397212, 0.0008522010486072657]","[0.39, 3.5690338557186834e-07, 0.0036639131671364587]","[0.0, 1.0, 0.0]","[0.0, 1.0, 0.0]","[0.0, 1.0, 0.0]","[0.0, 1.0, 0.0]","[0.0, 1.0, 0.0]","[0.0, 1.0, 0.0]","[0.4, 1.5550790371345692e-07, 3.5669245335157026e-14]","[0.34, 1.605714367105695e-05, 0.005802585786689494]"
1.0,0.0,0.0,19.0,1.0,0.0,1.0,0.0,"[0.19, 0.05390207893129876, 0.009882174372036031]","[0.44, 4.414205948474835e-09, 0.03781512726625194]","[0.34, 1.605714367105695e-05, 0.026790017207368934]","[0.29, 0.0004117410017938115, 0.009898314199390374]","[0.21, 0.024055802841094577, 0.009608662848546227]","[0.42, 2.749465483696122e-08, 0.035139734475889944]","[0.32, 6.281176788972264e-05, 0.024750988532394477]","[0.26, 0.002219935934558366, 0.008415926577857941]","[0.18, 0.07822115797841851, 1.0275796493907545]","[0.44, 4.414205948474835e-09, 3.9461375552777787]","[0.34, 1.605714367105695e-05, 2.7956133021181673]","[0.3, 0.0002248739317492479, 1.0323306172431952]","[0.2, 0.03638428787491733, 0.9733356049991515]","[0.41, 6.617357604827955e-08, 3.600759312093943]","[0.32, 6.281176788972264e-05, 2.533015971505317]","[0.27, 0.0012935059781377376, 0.8596558691913665]","[0.28, 0.0007377026282063397, 0.09704030460320667]","[0.26, 0.002219935934558366, 0.76255679227804]","[0.1, 0.7020569828664881, 0.24000000000000013]","[0.0, 1.0, 0.0]","[0.31, 0.00012016164291946694, 0.004659999999999994]","[0.31, 0.00012016164291946694, 0.13921687655976792]","[0.11, 0.5830090612540064, 0.001969999999999997]","[0.15, 0.21117008625127576, 0.0028600000000000058]","[0.15, 0.21117008625127576, 0.0822232373496886]","[0.14, 0.2819416298082479, 0.0026099999999999925]","[0.26, 0.002219935934558366, 0.0036799999999999966]","[0.24, 0.0061340334218580265, 0.15373733286574442]","[0.34, 1.605714367105695e-05, 0.01028596186477355]","[0.26, 0.002219935934558366, 1015677.7692148122]","[1.0, 2.2087606931995054e-59, 1869843.1777697806]","[1.0, 2.2087606931995054e-59, 439149.3856990316]","[1.0, 2.2087606931995054e-59, 2.3494519357858996]","[0.33, 3.211428734211389e-05, 0.010795121330543153]","[0.54, 1.0245697148897385e-13, 0.02222303032733087]","[0.49, 2.948425133635738e-11, 0.7239288780945928]","[0.22, 0.015577131622877688, 0.0006594215248537316]","[0.14, 0.2819416298082479, 0.003299549007977543]","[0.18, 0.07822115797841851, 0.012212212212212284]","[0.11, 0.5830090612540064, 10622.774572288621]","[0.18, 0.07822115797841851, 0.022422422422422282]","[0.11, 0.5830090612540064, 0.0031963927855711417]","[0.24, 0.0061340334218580265, 0.007534562227395925]","[0.31, 0.00012016164291946694, 14739.70867860899]","[0.46, 6.422179651064002e-10, 0.7137104669234003]","[0.13, 0.36818778606286096, 0.004307268110192556]","[0.11, 0.5830090612540064, 0.0012689739654359166]","[0.12, 0.469506448503778, 0.0037914400437708833]","[0.13, 0.36818778606286096, 0.0011965637465531436]","[0.27, 0.0012935059781377376, 0.0019054447088559805]","[0.0, 1.0, 0.0]","[0.0, 1.0, 0.0]","[0.0, 1.0, 0.0]","[0.0, 1.0, 0.0]","[0.0, 1.0, 0.0]","[0.0, 1.0, 0.0]","[0.28, 0.0007377026282063397, 2.1828094887155204e-14]","[0.12, 0.469506448503778, 0.0021798311551483865]"
1.0,0.0,0.0,6.0,1.0,0.0,1.0,0.0,"[0.14, 0.2819416298082479, 0.009914634286500086]","[0.39, 3.5690338557186834e-07, 0.0312795310045071]","[0.28, 0.0007377026282063397, 0.02275637229980291]","[0.67, 1.3341803223979991e-21, 0.030930530858608342]","[0.16, 0.1548386665118475, 0.008235966866566705]","[0.35, 7.850159128072286e-06, 0.029824721351312207]","[0.28, 0.0007377026282063397, 0.020786543917408796]","[0.62, 2.7084430241713094e-18, 0.02654896846208427]","[0.13, 0.36818778606286096, 1.0344953322586348]","[0.38, 8.001543644272532e-07, 3.2639720985364318]","[0.28, 0.0007377026282063397, 2.374197976687702]","[0.67, 1.3341803223979991e-21, 3.227750549933714]","[0.16, 0.1548386665118475, 0.8422180919957607]","[0.35, 7.850159128072286e-06, 3.055925923940987]","[0.29, 0.0004117410017938115, 2.127269812544848]","[0.61, 1.1250455638865439e-17, 2.7202678785855032]","[0.71, 1.5875242925891747e-24, 0.332723397149456]","[0.61, 1.1250455638865439e-17, 2.8413535541817962]","[0.26, 0.002219935934558366, 0.55]","[0.0, 1.0, 0.0]","[0.13, 0.36818778606286096, 0.0017099999999999936]","[0.13, 0.36818778606286096, 0.04630775296061431]","[0.14, 0.2819416298082479, 0.002599999999999999]","[0.41, 6.617357604827955e-08, 0.009200000000000007]","[0.37, 1.7527190839835072e-06, 0.37848412315257973]","[0.27, 0.0012935059781377376, 0.007430000000000004]","[0.68, 2.6207113475674983e-22, 0.015449999999999986]","[0.77, 1.923609841119e-29, 0.9282259918080447]","[0.74, 6.722276544772013e-27, 0.03799288786830615]","[0.59, 1.7671447393730104e-16, 3909422.420140449]","[0.54, 1.0245697148897385e-13, 85159.7954622256]","[1.0, 2.2087606931995054e-59, 1798856.132332708]","[1.0, 2.2087606931995054e-59, 1.590946928382178]","[0.83, 4.043861869934819e-35, 0.0358434141118968]","[0.98, 4.395433779467016e-55, 0.08728196857000017]","[1.0, 2.2087606931995054e-59, 2.0281834928563818]","[0.84, 3.7361767276571696e-36, 0.004763431574670298]","[0.18, 0.07822115797841851, 0.004929353211309993]","[0.44, 4.414205948474835e-09, 0.0420420420420423]","[0.12, 0.469506448503778, 13038.89867181319]","[0.35, 7.850159128072286e-06, 0.07247247247247235]","[0.13, 0.36818778606286096, 0.0031362725450901846]","[0.86, 2.6058774037713476e-38, 0.030525322289627847]","[0.84, 3.7361767276571696e-36, 70307.96674924654]","[0.95, 5.600644140061753e-50, 1.5044799788112904]","[0.17, 0.11119526053829192, 0.007342932476769016]","[0.11, 0.5830090612540064, 0.0015724184446827205]","[0.08, 0.9084105017744525, 0.002063554382812139]","[0.11, 0.5830090612540064, 0.0009172623022715793]","[0.71, 1.5875242925891747e-24, 0.007332570512482956]","[0.0, 1.0, 0.0]","[0.0, 1.0, 0.0]","[0.0, 1.0, 0.0]","[0.0, 1.0, 0.0]","[0.0, 1.0, 0.0]","[0.0, 1.0, 0.0]","[0.79, 3.0548822409334434e-31, 7.16493531172091e-14]","[0.48, 8.448372017533173e-11, 0.011225193513670281]"
1.0,0.0,0.0,16.0,1.0,0.0,1.0,0.0,"[0.14, 0.2819416298082479, 0.007470293989489716]","[0.1, 0.7020569828664881, 0.0044886172859085775]","[0.1, 0.7020569828664881, 0.007590039351829094]","[0.91, 2.596277269141426e-44, 0.04451924941331218]","[0.17, 0.11119526053829192, 0.00707897917092523]","[0.07, 0.9684099261397212, 0.004450883618284412]","[0.1, 0.7020569828664881, 0.005808518134541629]","[0.89, 8.565354736103848e-42, 0.03901718578387925]","[0.14, 0.2819416298082479, 0.7753390930127697]","[0.09, 0.8154147124661313, 0.46536084470819356]","[0.1, 0.7020569828664881, 0.7908907577029911]","[0.92, 1.2170049699100436e-45, 4.645436552096864]","[0.16, 0.1548386665118475, 0.7010322680294845]","[0.07, 0.9684099261397212, 0.4509039569860627]","[0.1, 0.7020569828664881, 0.5912361981152912]","[0.9, 4.958889584060123e-43, 3.9971678827702357]","[0.98, 4.395433779467016e-55, 0.5906146751347272]","[0.95, 5.600644140061753e-50, 4.5016418407575]","[0.49, 2.948425133635738e-11, 1.12]","[0.0, 1.0, 0.0]","[0.07, 0.9684099261397212, 0.0009300000000000045]","[0.07, 0.9684099261397212, 0.026902820077406273]","[0.51, 3.319419024623016e-12, 0.015419999999999986]","[0.27, 0.0012935059781377376, 0.004580000000000009]","[0.42, 2.749465483696122e-08, 0.32575272826628965]","[0.43, 1.1151678185620634e-08, 0.010209999999999992]","[0.94, 1.8202093455200697e-48, 0.027970000000000016]","[0.93, 5.044580186155621e-47, 0.9232625394158569]","[0.99, 4.417521386399011e-57, 0.05993588811310366]","[0.75, 9.987382295089846e-28, 4236103.541025357]","[1.0, 2.2087606931995054e-59, 766355.1935277315]","[1.0, 2.2087606931995054e-59, 439978.2746211001]","[1.0, 2.2087606931995054e-59, 2.2442697144410464]","[1.0, 2.2087606931995054e-59, 0.07965016326716232]","[1.0, 2.2087606931995054e-59, 0.15767840534235614]","[1.0, 2.2087606931995054e-59, 13.698400235319646]","[0.34, 1.605714367105695e-05, 0.0012850290102017093]","[0.18, 0.07822115797841851, 0.005445085776712622]","[0.75, 9.987382295089846e-28, 0.06626626626626628]","[0.36, 3.751914289152195e-06, 56536.00170279272]","[0.38, 8.001543644272532e-07, 0.06786786786786791]","[0.08, 0.9084105017744525, 0.001382765531062127]","[0.54, 1.0245697148897385e-13, 0.021171447430423408]","[0.98, 4.395433779467016e-55, 72021.21185482584]","[0.93, 5.044580186155621e-47, 3.097849361072502]","[0.08, 0.9084105017744525, 0.0021936920509265647]","[0.08, 0.9084105017744525, 0.0007970295279358554]","[0.11, 0.5830090612540064, 0.00437238498849365]","[0.07, 0.9684099261397212, 0.0007031473174530434]","[0.86, 2.6058774037713476e-38, 0.011305196250194414]","[0.0, 1.0, 0.0]","[0.0, 1.0, 0.0]","[0.0, 1.0, 0.0]","[0.0, 1.0, 0.0]","[0.0, 1.0, 0.0]","[0.0, 1.0, 0.0]","[0.94, 1.8202093455200697e-48, 1.2040812791269672e-13]","[0.75, 9.987382295089846e-28, 0.015629065098851223]"
1.0,0.0,0.0,20.0,1.0,0.0,1.0,0.0,"[0.12, 0.469506448503778, 0.0051296210127387415]","[0.31, 0.00012016164291946694, 0.023537865399221373]","[0.4, 1.5550790371345692e-07, 0.03730540250737685]","[0.61, 1.1250455638865439e-17, 0.026641343219228217]","[0.11, 0.5830090612540064, 0.005823312010951497]","[0.31, 0.00012016164291946694, 0.02178142494013612]","[0.41, 6.617357604827955e-08, 0.0344563328996369]","[0.58, 6.689905084769254e-16, 0.023546996738147016]","[0.12, 0.469506448503778, 0.5340912483520553]","[0.31, 0.00012016164291946694, 2.455942015909663]","[0.41, 6.617357604827955e-08, 3.8923245921872702]","[0.61, 1.1250455638865439e-17, 2.7800771218834726]","[0.1, 0.7020569828664881, 0.6197957375926668]","[0.31, 0.00012016164291946694, 2.2308465658279473]","[0.42, 2.749465483696122e-08, 3.526829543964875]","[0.6, 4.528308394643339e-17, 2.412634391767014]","[0.48, 8.448372017533173e-11, 0.19792916218825052]","[0.44, 4.414205948474835e-09, 1.66338541895969]","[0.16, 0.1548386665118475, 0.31999999999999995]","[0.0, 1.0, 0.0]","[0.62, 2.7084430241713094e-18, 0.01036]","[0.62, 2.7084430241713094e-18, 0.3314089117923151]","[0.17, 0.11119526053829192, 0.002719999999999995]","[0.3, 0.0002248739317492479, 0.007960000000000009]","[0.31, 0.00012016164291946694, 0.36502284987027894]","[0.24, 0.0061340334218580265, 0.005579999999999998]","[0.71, 1.5875242925891747e-24, 0.015079999999999982]","[0.79, 3.0548822409334434e-31, 0.8539759574948986]","[0.6, 4.528308394643339e-17, 0.025726949650179673]","[0.4, 1.5550790371345692e-07, 2892692.9318948174]","[1.0, 2.2087606931995054e-59, 2122808.0463431813]","[1.0, 2.2087606931995054e-59, 409518.901868953]","[1.0, 2.2087606931995054e-59, 1.852267332267366]","[0.75, 9.987382295089846e-28, 0.03112764618164683]","[0.92, 1.2170049699100436e-45, 0.06600850626332246]","[1.0, 2.2087606931995054e-59, 1.4487889828192186]","[0.53, 3.35710076793659e-13, 0.0028291192806448396]","[0.14, 0.2819416298082479, 0.0026714318939844413]","[0.34, 1.605714367105695e-05, 0.030030030030030287]","[0.07, 0.9684099261397212, 7778.222978409491]","[0.29, 0.0004117410017938115, 0.06066066066066057]","[0.11, 0.5830090612540064, 0.0031162324649298603]","[0.71, 1.5875242925891747e-24, 0.028951831180904494]","[0.7, 9.048888467758296e-24, 49175.78179524104]","[0.94, 1.8202093455200697e-48, 1.0589239939056414]","[0.16, 0.1548386665118475, 0.004511154431410043]","[0.1, 0.7020569828664881, 0.0013577947255563594]","[0.11, 0.5830090612540064, 0.0030665867114647682]","[0.09, 0.8154147124661313, 0.001146422733729628]","[0.47, 2.359168035084735e-10, 0.005053938042225367]","[0.0, 1.0, 0.0]","[0.0, 1.0, 0.0]","[0.0, 1.0, 0.0]","[0.0, 1.0, 0.0]","[0.0, 1.0, 0.0]","[0.0, 1.0, 0.0]","[0.53, 3.35710076793659e-13, 5.169531469562117e-14]","[0.4, 1.5550790371345692e-07, 0.007903117843748515]"
1.0,0.0,0.0,29.0,1.0,0.0,1.0,0.0,"[0.19, 0.05390207893129876, 0.009320831355074798]","[0.22, 0.015577131622877688, 0.009520050370159322]","[0.1, 0.7020569828664881, 0.007276560679021063]","[0.64, 1.424536470142474e-19, 0.029040504009434608]","[0.2, 0.03638428787491733, 0.009526748171431659]","[0.23, 0.009878183186176536, 0.01029693696141801]","[0.11, 0.5830090612540064, 0.007164552898905096]","[0.61, 1.1250455638865439e-17, 0.02531309986774793]","[0.2, 0.03638428787491733, 0.9644694315192369]","[0.22, 0.015577131622877688, 0.9918444498223754]","[0.1, 0.7020569828664881, 0.7588927007889317]","[0.64, 1.424536470142474e-19, 3.0303421846969822]","[0.2, 0.03638428787491733, 0.9724666958055466]","[0.23, 0.009878183186176536, 1.0604097310122444]","[0.13, 0.36818778606286096, 0.7323699320213339]","[0.61, 1.1250455638865439e-17, 2.59309093492839]","[0.61, 1.1250455638865439e-17, 0.25950866336730316]","[0.54, 1.0245697148897385e-13, 2.188473298691197]","[0.12, 0.469506448503778, 0.21999999999999992]","[0.0, 1.0, 0.0]","[0.18, 0.07822115797841851, 0.0021500000000000017]","[0.18, 0.07822115797841851, 0.062466047524418776]","[0.1, 0.7020569828664881, 0.001489999999999991]","[0.47, 2.359168035084735e-10, 0.01033000000000001]","[0.43, 1.1151678185620634e-08, 0.4546613111737599]","[0.2, 0.03638428787491733, 0.004289999999999999]","[0.73, 4.3321337732975196e-26, 0.014569999999999987]","[0.77, 1.923609841119e-29, 0.7818931822896704]","[0.7, 9.048888467758296e-24, 0.03133410399896884]","[0.55, 3.0406585087050305e-14, 3529578.228553351]","[0.3, 0.0002248739317492479, 38177.145369199396]","[0.98, 4.395433779467016e-55, 235786.65203917882]","[1.0, 2.2087606931995054e-59, 0.22763720608717267]","[0.77, 1.923609841119e-29, 0.033402102371641956]","[0.96, 1.4287357500157535e-51, 0.07397297201460096]","[1.0, 2.2087606931995054e-59, 1.6469308627826589]","[0.7, 9.048888467758296e-24, 0.0036724498751238882]","[0.07, 0.9684099261397212, 0.0018763493926451688]","[0.37, 1.7527190839835072e-06, 0.03303303303303338]","[0.1, 0.7020569828664881, 11737.883190683875]","[0.27, 0.0012935059781377376, 0.04824824824824814]","[0.09, 0.8154147124661313, 0.0030761523046092198]","[0.68, 2.6207113475674983e-22, 0.03682150302836301]","[0.82, 4.111259567767065e-34, 59602.37388109444]","[0.96, 1.4287357500157535e-51, 1.1561897039879447]","[0.07, 0.9684099261397212, 0.0023382106759531973]","[0.08, 0.9084105017744525, 0.0006567659215886024]","[0.08, 0.9084105017744525, 0.002370026015112577]","[0.06, 0.9942356257694902, 0.00041321490847599074]","[0.55, 3.0406585087050305e-14, 0.006116107891249548]","[0.0, 1.0, 0.0]","[0.0, 1.0, 0.0]","[0.0, 1.0, 0.0]","[0.0, 1.0, 0.0]","[0.0, 1.0, 0.0]","[0.0, 1.0, 0.0]","[0.7, 9.048888467758296e-24, 6.216360759481176e-14]","[0.4, 1.5550790371345692e-07, 0.00864449397233727]"
1.0,0.0,0.0,18.0,1.0,0.0,1.0,0.0,"[0.08, 0.9084105017744525, 0.00360777846027631]","[0.29, 0.0004117410017938115, 0.018548039282137004]","[0.22, 0.015577131622877688, 0.013736404852725384]","[0.95, 5.600644140061753e-50, 0.04910286469018669]","[0.06, 0.9942356257694902, 0.00397337236249304]","[0.29, 0.0004117410017938115, 0.01703871119277095]","[0.18, 0.07822115797841851, 0.011595620577137356]","[0.96, 1.4287357500157535e-51, 0.042690804294213514]","[0.08, 0.9084105017744525, 0.3717936798319655]","[0.29, 0.0004117410017938115, 1.9350267736784228]","[0.21, 0.024055802841094577, 1.4301069002686364]","[0.95, 5.600644140061753e-50, 5.123787179578628]","[0.06, 0.9942356257694902, 0.3808350742186377]","[0.28, 0.0007377026282063397, 1.745196021116198]","[0.18, 0.07822115797841851, 1.1750898155241765]","[0.96, 1.4287357500157535e-51, 4.373511013520279]","[1.0, 2.2087606931995054e-59, 0.7503886706759803]","[1.0, 2.2087606931995054e-59, 5.625740496848174]","[0.65, 3.108079571219943e-20, 1.56]","[0.0, 1.0, 0.0]","[0.07, 0.9684099261397212, 0.0008500000000000066]","[0.07, 0.9684099261397212, 0.022501469297357135]","[0.6, 4.528308394643339e-17, 0.016539999999999992]","[0.26, 0.002219935934558366, 0.004210000000000005]","[0.44, 4.414205948474835e-09, 0.33281970161297225]","[0.43, 1.1151678185620634e-08, 0.009549999999999993]","[0.96, 1.4287357500157535e-51, 0.032700000000000014]","[0.96, 1.4287357500157535e-51, 1.0087366169285428]","[1.0, 2.2087606931995054e-59, 0.07461104350532786]","[0.8, 3.5640292810890176e-32, 4883224.469976546]","[1.0, 2.2087606931995054e-59, 1532087.788198526]","[1.0, 2.2087606931995054e-59, 438564.4206411891]","[1.0, 2.2087606931995054e-59, 4.040738892863244]","[1.0, 2.2087606931995054e-59, 0.09665514314096303]","[1.0, 2.2087606931995054e-59, 0.1925841025226433]","[1.0, 2.2087606931995054e-59, 21.71382193984712]","[0.59, 1.7671447393730104e-16, 0.0022375304743531155]","[0.25, 0.0037294923618311367, 0.006374948125728329]","[0.82, 4.111259567767065e-34, 0.08268268268268253]","[0.41, 6.617357604827955e-08, 63587.34829252788]","[0.39, 3.5690338557186834e-07, 0.06926926926926932]","[0.08, 0.9084105017744525, 0.0019438877755511045]","[0.56, 8.771130313572204e-15, 0.02248574092521552]","[1.0, 2.2087606931995054e-59, 81101.14659721544]","[0.93, 5.044580186155621e-47, 4.793888683867014]","[0.14, 0.2819416298082479, 0.0026125367187874024]","[0.08, 0.9084105017744525, 0.0009575874660365281]","[0.09, 0.8154147124661313, 0.002389843066033681]","[0.08, 0.9084105017744525, 0.0009008795184875325]","[0.9, 4.958889584060123e-43, 0.01387357200379778]","[0.0, 1.0, 0.0]","[0.0, 1.0, 0.0]","[0.0, 1.0, 0.0]","[0.0, 1.0, 0.0]","[0.0, 1.0, 0.0]","[0.0, 1.0, 0.0]","[0.96, 1.4287357500157535e-51, 1.4694467864728721e-13]","[0.89, 8.565354736103848e-42, 0.01892246594688458]"
1.0,0.0,0.0,11.0,1.0,0.0,1.0,0.0,"[0.09, 0.8154147124661313, 0.004350320665649359]","[0.33, 3.211428734211389e-05, 0.025101355372330904]","[0.32, 6.281176788972264e-05, 0.02107869661863051]","[0.76, 1.4186622578252622e-28, 0.03196649276234724]","[0.09, 0.8154147124661313, 0.0043722227893913355]","[0.37, 1.7527190839835072e-06, 0.024927249199939983]","[0.29, 0.0004117410017938115, 0.018939827084871574]","[0.75, 9.987382295089846e-28, 0.028016983226265665]","[0.08, 0.9084105017744525, 0.45050055348245355]","[0.33, 3.211428734211389e-05, 2.6192335332728884]","[0.31, 0.00012016164291946694, 2.1990913952518816]","[0.76, 1.4186622578252622e-28, 3.3356225195118716]","[0.09, 0.8154147124661313, 0.4323787207157941]","[0.36, 3.751914289152195e-06, 2.553979987025283]","[0.3, 0.0002248739317492479, 1.9347006531753024]","[0.74, 6.722276544772013e-27, 2.870065351923092]","[0.81, 3.93815390175582e-33, 0.36265481599902394]","[0.78, 2.485563277850393e-30, 2.8434166936675886]","[0.21, 0.024055802841094577, 0.54]","[0.0, 1.0, 0.0]","[0.16, 0.1548386665118475, 0.0020399999999999962]","[0.15, 0.21117008625127576, 0.058362897811545626]","[0.32, 6.281176788972264e-05, 0.007709999999999993]","[0.16, 0.1548386665118475, 0.002740000000000005]","[0.26, 0.002219935934558366, 0.17716969205282254]","[0.29, 0.0004117410017938115, 0.008829999999999996]","[0.76, 1.4186622578252622e-28, 0.017530000000000018]","[0.75, 9.987382295089846e-28, 0.6673021868560925]","[0.81, 3.93815390175582e-33, 0.03823397685251338]","[0.56, 8.771130313572204e-15, 2985175.9219412752]","[0.14, 0.2819416298082479, 12817.414224240898]","[0.98, 4.395433779467016e-55, 212995.84389297134]","[1.0, 2.2087606931995054e-59, 0.1813062315730809]","[0.92, 1.2170049699100436e-45, 0.04873553462973692]","[1.0, 2.2087606931995054e-59, 0.09872494425997211]","[0.99, 4.417521386399011e-57, 3.743120101556534]","[0.14, 0.2819416298082479, 0.0003589853382746077]","[0.18, 0.07822115797841851, 0.00458247843416194]","[0.57, 2.458151170682656e-15, 0.04584584584584607]","[0.33, 3.211428734211389e-05, 35267.44366612501]","[0.28, 0.0007377026282063397, 0.04064064064064072]","[0.06, 0.9942356257694902, 0.0018336673346693384]","[0.8, 3.5640292810890176e-32, 0.03085739438098473]","[0.79, 3.0548822409334434e-31, 49782.849166212516]","[0.88, 1.349043370936356e-40, 1.744737525177353]","[0.12, 0.469506448503778, 0.0033991339785828796]","[0.1, 0.7020569828664881, 0.0007246930123014563]","[0.06, 0.9942356257694902, 0.002295593008444321]","[0.06, 0.9942356257694902, 0.0004412884463994932]","[0.69, 4.9622936758674526e-23, 0.007538932389465092]","[0.0, 1.0, 0.0]","[0.0, 1.0, 0.0]","[0.0, 1.0, 0.0]","[0.0, 1.0, 0.0]","[0.0, 1.0, 0.0]","[0.0, 1.0, 0.0]","[0.78, 2.485563277850393e-30, 7.651101974204267e-14]","[0.51, 3.319419024623016e-12, 0.010079165613878147]"
1.0,0.0,0.0,25.0,1.0,0.0,1.0,0.0,"[0.12, 0.469506448503778, 0.007405911445423368]","[0.19, 0.05390207893129876, 0.014332445345572088]","[0.1, 0.7020569828664881, 0.007161855320584875]","[0.97, 2.9009862944482307e-53, 0.057142746525515355]","[0.15, 0.21117008625127576, 0.00705564561177995]","[0.19, 0.05390207893129876, 0.015516337603280677]","[0.12, 0.469506448503778, 0.006521697428269307]","[0.98, 4.395433779467016e-55, 0.04987054142779024]","[0.12, 0.469506448503778, 0.7643109173210223]","[0.19, 0.05390207893129876, 1.4955348053077309]","[0.11, 0.5830090612540064, 0.7471591365722394]","[0.97, 2.9009862944482307e-53, 5.962669038643215]","[0.16, 0.1548386665118475, 0.7112028293495846]","[0.18, 0.07822115797841851, 1.5893714555448]","[0.12, 0.469506448503778, 0.6776064475119508]","[0.98, 4.395433779467016e-55, 5.10868542630835]","[1.0, 2.2087606931995054e-59, 1.095606437062079]","[1.0, 2.2087606931995054e-59, 8.051262711006949]","[0.8, 3.5640292810890176e-32, 2.19]","[0.0, 1.0, 0.0]","[0.12, 0.469506448503778, 0.001109999999999997]","[0.12, 0.469506448503778, 0.027186396682937035]","[0.72, 2.6766397956445386e-25, 0.020329999999999987]","[0.43, 1.1151678185620634e-08, 0.007570000000000009]","[0.6, 4.528308394643339e-17, 0.4786661217053839]","[0.4, 1.5550790371345692e-07, 0.007429999999999997]","[1.0, 2.2087606931995054e-59, 0.052150000000000016]","[1.0, 2.2087606931995054e-59, 1.2890778523894344]","[1.0, 2.2087606931995054e-59, 0.10300391085997779]","[0.96, 1.4287357500157535e-51, 5985857.4918335145]","[1.0, 2.2087606931995054e-59, 1021462.049128227]","[1.0, 2.2087606931995054e-59, 436446.8434743671]","[1.0, 2.2087606931995054e-59, 7.176137904108721]","[1.0, 2.2087606931995054e-59, 0.13824124860003123]","[1.0, 2.2087606931995054e-59, 0.27237947580622035]","[1.0, 2.2087606931995054e-59, 217.27001026706427]","[1.0, 2.2087606931995054e-59, 0.005694163612458607]","[0.07, 0.9684099261397212, 0.0019890176429096743]","[0.96, 1.4287357500157535e-51, 0.10930930930930917]","[0.41, 6.617357604827955e-08, 82500.6075425045]","[0.57, 2.458151170682656e-15, 0.10430430430430432]","[0.1, 0.7020569828664881, 0.002194388777555105]","[0.97, 2.9009862944482307e-53, 0.060597725888590255]","[1.0, 2.2087606931995054e-59, 99497.64700389098]","[0.98, 4.395433779467016e-55, 23.703168653132423]","[0.09, 0.8154147124661313, 0.002520694409309407]","[0.07, 0.9684099261397212, 0.0006476738112839719]","[0.18, 0.07822115797841851, 0.006254883077218082]","[0.08, 0.9084105017744525, 0.0010319656687691194]","[1.0, 2.2087606931995054e-59, 0.01965687276016556]","[0.0, 1.0, 0.0]","[0.0, 1.0, 0.0]","[0.0, 1.0, 0.0]","[0.55, 3.0406585087050305e-14, 0.18333333333333338]","[0.0, 1.0, 0.0]","[0.0, 1.0, 0.0]","[1.0, 2.2087606931995054e-59, 1.9989898625283328e-13]","[0.98, 4.395433779467016e-55, 0.02623502888821879]"
1.0,0.0,0.0,1.0,1.0,0.0,1.0,0.0,"[0.09, 0.8154147124661313, 0.0052462492397216415]","[0.13, 0.36818778606286096, 0.0052449663245472174]","[0.13, 0.36818778606286096, 0.009177829841791238]","[0.88, 1.349043370936356e-40, 0.042960490561465364]","[0.09, 0.8154147124661313, 0.0063747253136433495]","[0.18, 0.07822115797841851, 0.004854743834693967]","[0.11, 0.5830090612540064, 0.008818045844298137]","[0.88, 1.349043370936356e-40, 0.037814082443067415]","[0.09, 0.8154147124661313, 0.5413492591297672]","[0.14, 0.2819416298082479, 0.5435254906063516]","[0.13, 0.36818778606286096, 0.9572237462104343]","[0.88, 1.349043370936356e-40, 4.482898903089485]","[0.1, 0.7020569828664881, 0.6570363825157679]","[0.17, 0.11119526053829192, 0.5000286221077103]","[0.12, 0.469506448503778, 0.8885377364522776]","[0.87, 1.9509242595079607e-39, 3.873944479591799]","[0.99, 4.417521386399011e-57, 0.6044751271611117]","[0.97, 2.9009862944482307e-53, 4.5943996553275355]","[0.46, 6.422179651064002e-10, 1.17]","[0.0, 1.0, 0.0]","[0.08, 0.9084105017744525, 0.0008300000000000003]","[0.08, 0.9084105017744525, 0.023105754513650795]","[0.54, 1.0245697148897385e-13, 0.014859999999999984]","[0.23, 0.009878183186176536, 0.004450000000000004]","[0.38, 8.001543644272532e-07, 0.320161344314038]","[0.39, 3.5690338557186834e-07, 0.01133]","[0.95, 5.600644140061753e-50, 0.027630000000000016]","[0.94, 1.8202093455200697e-48, 0.9268569067522293]","[0.99, 4.417521386399011e-57, 0.061494514635844266]","[0.76, 1.4186622578252622e-28, 4178089.8868556675]","[0.19, 0.05390207893129876, 18623.137964601858]","[1.0, 2.2087606931995054e-59, 325308.4554023391]","[1.0, 2.2087606931995054e-59, 0.2755779678314727]","[1.0, 2.2087606931995054e-59, 0.07847861974671304]","[1.0, 2.2087606931995054e-59, 0.1585549794976771]","[1.0, 2.2087606931995054e-59, 8.964790725024315]","[0.36, 3.751914289152195e-06, 0.001267470838628957]","[0.16, 0.1548386665118475, 0.003997981961361458]","[0.77, 1.923609841119e-29, 0.06486486486486488]","[0.29, 0.0004117410017938115, 41324.19412879624]","[0.32, 6.281176788972264e-05, 0.05045045045045045]","[0.14, 0.2819416298082479, 0.002555110220440875]","[0.54, 1.0245697148897385e-13, 0.022957977770292376]","[0.98, 4.395433779467016e-55, 70363.25193817724]","[0.93, 5.044580186155621e-47, 4.049491019673125]","[0.1, 0.7020569828664881, 0.0032933150720673423]","[0.07, 0.9684099261397212, 0.0007876171374261845]","[0.12, 0.469506448503778, 0.003122658367240815]","[0.08, 0.9084105017744525, 0.000695186512491985]","[0.87, 1.9509242595079607e-39, 0.01161239415342915]","[0.0, 1.0, 0.0]","[0.0, 1.0, 0.0]","[0.0, 1.0, 0.0]","[0.0, 1.0, 0.0]","[0.0, 1.0, 0.0]","[0.0, 1.0, 0.0]","[0.94, 1.8202093455200697e-48, 1.2059575560385838e-13]","[0.79, 3.0548822409334434e-31, 0.016056087227045036]"
1.0,0.0,0.0,5.0,1.0,0.0,1.0,0.0,"[0.16, 0.1548386665118475, 0.00799036665641745]","[0.5, 1.0024645454361508e-11, 0.049893664971109156]","[0.48, 8.448372017533173e-11, 0.051033491120255854]","[0.65, 3.108079571219943e-20, 0.027845956952474597]","[0.14, 0.2819416298082479, 0.007407188713685335]","[0.53, 3.35710076793659e-13, 0.04740747404311216]","[0.48, 8.448372017533173e-11, 0.04647857530897068]","[0.61, 1.1250455638865439e-17, 0.024251686799654316]","[0.17, 0.11119526053829192, 0.834210171263498]","[0.5, 1.0024645454361508e-11, 5.206320650332062]","[0.48, 8.448372017533173e-11, 5.325279902012747]","[0.65, 3.108079571219943e-20, 2.9059120236344955]","[0.14, 0.2819416298082479, 0.76661490940905]","[0.52, 1.070075869779788e-12, 4.8574794057227635]","[0.49, 2.948425133635738e-11, 4.761841645226591]","[0.63, 6.314161651442317e-19, 2.485190337823936]","[0.61, 1.1250455638865439e-17, 0.26325470123527467]","[0.54, 1.0245697148897385e-13, 2.22172331499376]","[0.16, 0.1548386665118475, 0.37]","[0.0, 1.0, 0.0]","[0.47, 2.359168035084735e-10, 0.007729999999999999]","[0.47, 2.359168035084735e-10, 0.23855108307435535]","[0.12, 0.469506448503778, 0.0024900000000000083]","[0.29, 0.0004117410017938115, 0.0065600000000000085]","[0.26, 0.002219935934558366, 0.25823538549563174]","[0.26, 0.002219935934558366, 0.006109999999999997]","[0.65, 3.108079571219943e-20, 0.014329999999999978]","[0.76, 1.4186622578252622e-28, 0.8144010170982173]","[0.65, 3.108079571219943e-20, 0.02939569022397527]","[0.41, 6.617357604827955e-08, 2727089.000757561]","[0.27, 0.0012935059781377376, 30862.542092656815]","[1.0, 2.2087606931995054e-59, 1683492.2012187513]","[1.0, 2.2087606931995054e-59, 1.444150274738964]","[0.76, 1.4186622578252622e-28, 0.027671131637896015]","[0.95, 5.600644140061753e-50, 0.06779457120360743]","[1.0, 2.2087606931995054e-59, 1.455282450159769]","[0.65, 3.108079571219943e-20, 0.003069520923112558]","[0.08, 0.9084105017744525, 0.0013935816112417801]","[0.31, 0.00012016164291946694, 0.028428428428428597]","[0.1, 0.7020569828664881, 7416.998404959747]","[0.21, 0.024055802841094577, 0.03243243243243241]","[0.11, 0.5830090612540064, 0.002304609218436877]","[0.73, 4.3321337732975196e-26, 0.031035019194732262]","[0.77, 1.923609841119e-29, 49733.821931655824]","[0.92, 1.2170049699100436e-45, 1.1095651081411075]","[0.15, 0.21117008625127576, 0.0051992084496048935]","[0.1, 0.7020569828664881, 0.001030025361982515]","[0.11, 0.5830090612540064, 0.0029131635547151834]","[0.08, 0.9084105017744525, 0.0009401038464988029]","[0.56, 8.771130313572204e-15, 0.0059659110046712425]","[0.0, 1.0, 0.0]","[0.0, 1.0, 0.0]","[0.0, 1.0, 0.0]","[0.0, 1.0, 0.0]","[0.0, 1.0, 0.0]","[0.0, 1.0, 0.0]","[0.65, 3.108079571219943e-20, 5.473399511402022e-14]","[0.4, 1.5550790371345692e-07, 0.008791846979077103]"
1.0,0.0,0.0,15.0,1.0,0.0,1.0,0.0,"[0.1, 0.7020569828664881, 0.004134732315145401]","[0.14, 0.2819416298082479, 0.00858625260490305]","[0.1, 0.7020569828664881, 0.006846052142934633]","[0.1, 0.7020569828664881, 0.0019111596009707464]","[0.11, 0.5830090612540064, 0.004471211814523186]","[0.14, 0.2819416298082479, 0.009112964364255006]","[0.1, 0.7020569828664881, 0.006361979111923427]","[0.09, 0.8154147124661313, 0.0015738773521281027]","[0.1, 0.7020569828664881, 0.42406128001276655]","[0.14, 0.2819416298082479, 0.8996210121394724]","[0.1, 0.7020569828664881, 0.7129933477192782]","[0.1, 0.7020569828664881, 0.19863126454310842]","[0.1, 0.7020569828664881, 0.45892328202368904]","[0.15, 0.21117008625127576, 0.9321803974721616]","[0.1, 0.7020569828664881, 0.6493179650948282]","[0.08, 0.9084105017744525, 0.15451470171771692]","[0.08, 0.9084105017744525, 0.021138445686257924]","[0.11, 0.5830090612540064, 0.188460252585408]","[0.05, 0.9996892272702655, 0.14999999999999997]","[0.0, 1.0, 0.0]","[0.08, 0.9084105017744525, 0.0011700000000000013]","[0.08, 0.9084105017744525, 0.030827938636863512]","[0.05, 0.9996892272702655, 0.0012300000000000028]","[0.1, 0.7020569828664881, 0.001370000000000008]","[0.11, 0.5830090612540064, 0.059118354492406024]","[0.16, 0.1548386665118475, 0.002990000000000005]","[0.11, 0.5830090612540064, 0.0016900000000000038]","[0.2, 0.03638428787491733, 0.10961968532293521]","[0.1, 0.7020569828664881, 0.0023283134735099216]","[0.05, 0.9996892272702655, 204931.51796898234]","[1.0, 2.2087606931995054e-59, 440557.56038558506]","[1.0, 2.2087606931995054e-59, 437978.3242908309]","[1.0, 2.2087606931995054e-59, 0.969442357027329]","[0.1, 0.7020569828664881, 0.0016753276497097531]","[0.06, 0.9942356257694902, 0.0017893706980053154]","[0.1, 0.7020569828664881, 0.11010330079981714]","[0.12, 0.469506448503778, 0.00024929238896096876]","[0.12, 0.469506448503778, 0.002586263409071092]","[0.04, 0.999998821968263, 0.0034034034034034653]","[0.11, 0.5830090612540064, 14053.445888871816]","[0.05, 0.9996892272702655, 0.01281281281281275]","[0.12, 0.469506448503778, 0.0021843687374749534]","[0.13, 0.36818778606286096, 0.0034956860969255947]","[0.12, 0.469506448503778, 2655.97122760959]","[0.08, 0.9084105017744525, 0.5116661314197936]","[0.08, 0.9084105017744525, 0.002600164358158464]","[0.08, 0.9084105017744525, 0.00084572090770083]","[0.13, 0.36818778606286096, 0.004631097080424583]","[0.06, 0.9942356257694902, 0.0005608675596645298]","[0.08, 0.9084105017744525, 0.0006744502159861922]","[0.0, 1.0, 0.0]","[0.0, 1.0, 0.0]","[0.0, 1.0, 0.0]","[0.0, 1.0, 0.0]","[0.0, 1.0, 0.0]","[0.0, 1.0, 0.0]","[0.08, 0.9084105017744525, 4.352074256530614e-15]","[0.08, 0.9084105017744525, 0.0012060783060545885]"
1.0,0.0,0.0,21.0,1.0,0.0,1.0,0.0,"[0.13, 0.36818778606286096, 0.007220631601028438]","[0.21, 0.024055802841094577, 0.0176440929919009]","[0.17, 0.11119526053829192, 0.0155005050626299]","[0.62, 2.7084430241713094e-18, 0.02819043130635701]","[0.14, 0.2819416298082479, 0.008825810506938436]","[0.22, 0.015577131622877688, 0.01792188812737732]","[0.17, 0.11119526053829192, 0.014030202130606396]","[0.62, 2.7084430241713094e-18, 0.024210121122343366]","[0.14, 0.2819416298082479, 0.7507709560504474]","[0.21, 0.024055802841094577, 1.841097266458617]","[0.17, 0.11119526053829192, 1.616662761236364]","[0.62, 2.7084430241713094e-18, 2.94174395330819]","[0.15, 0.21117008625127576, 0.8958818911300441]","[0.22, 0.015577131622877688, 1.8365018971202527]","[0.17, 0.11119526053829192, 1.433216520552052]","[0.61, 1.1250455638865439e-17, 2.4803511985330564]","[0.56, 8.771130313572204e-15, 0.25741090009468093]","[0.5, 1.0024645454361508e-11, 2.169339153075379]","[0.25, 0.0037294923618311367, 0.48999999999999994]","[0.0, 1.0, 0.0]","[0.23, 0.009878183186176536, 0.003329999999999998]","[0.23, 0.009878183186176536, 0.09617467370914012]","[0.17, 0.11119526053829192, 0.003239999999999996]","[0.44, 4.414205948474835e-09, 0.010180000000000002]","[0.38, 8.001543644272532e-07, 0.4503989120144719]","[0.21, 0.024055802841094577, 0.006019999999999989]","[0.78, 2.485563277850393e-30, 0.017819999999999985]","[0.84, 3.7361767276571696e-36, 1.0512179031101407]","[0.74, 6.722276544772013e-27, 0.03430161667584371]","[0.55, 3.0406585087050305e-14, 4078392.6060645147]","[1.0, 2.2087606931995054e-59, 2237608.759425224]","[1.0, 2.2087606931995054e-59, 355288.70198951673]","[1.0, 2.2087606931995054e-59, 1.6668057590854195]","[0.85, 3.231287980676471e-37, 0.03968023700325955]","[0.98, 4.395433779467016e-55, 0.0853096287961993]","[1.0, 2.2087606931995054e-59, 2.0170453927375975]","[0.81, 3.93815390175582e-33, 0.004542877284104712]","[0.06, 0.9942356257694902, 0.0014631998972871156]","[0.47, 2.359168035084735e-10, 0.0448448448448452]","[0.16, 0.1548386665118475, 16011.487686274662]","[0.36, 3.751914289152195e-06, 0.07747747747747738]","[0.13, 0.36818778606286096, 0.003757515030060119]","[0.89, 8.565354736103848e-42, 0.03173718492054047]","[0.86, 2.6058774037713476e-38, 68038.92275173047]","[0.99, 4.417521386399011e-57, 1.5448506873432386]","[0.13, 0.36818778606286096, 0.0044601956763535506]","[0.11, 0.5830090612540064, 0.0013005633452463407]","[0.14, 0.2819416298082479, 0.002912277950998155]","[0.11, 0.5830090612540064, 0.0011665173466170688]","[0.63, 6.314161651442317e-19, 0.006899866915016562]","[0.0, 1.0, 0.0]","[0.0, 1.0, 0.0]","[0.0, 1.0, 0.0]","[0.0, 1.0, 0.0]","[0.0, 1.0, 0.0]","[0.0, 1.0, 0.0]","[0.73, 4.3321337732975196e-26, 6.898814852718259e-14]","[0.47, 2.359168035084735e-10, 0.010313224156599445]"
1.0,0.0,0.0,26.0,1.0,0.0,1.0,0.0,"[0.15, 0.21117008625127576, 0.007740970726030128]","[0.35, 7.850159128072286e-06, 0.025192211863993428]","[0.2, 0.03638428787491733, 0.01251427501981293]","[0.77, 1.923609841119e-29, 0.03277171434503127]","[0.11, 0.5830090612540064, 0.0062059784457465465]","[0.36, 3.751914289152195e-06, 0.02394954693734283]","[0.19, 0.05390207893129876, 0.011132414444080356]","[0.74, 6.722276544772013e-27, 0.0284287264194549]","[0.15, 0.21117008625127576, 0.8018611671051126]","[0.35, 7.850159128072286e-06, 2.628617616632998]","[0.19, 0.05390207893129876, 1.305076490556322]","[0.77, 1.923609841119e-29, 3.4196075802843082]","[0.11, 0.5830090612540064, 0.6210797933613373]","[0.36, 3.751914289152195e-06, 2.452525530005679]","[0.19, 0.05390207893129876, 1.133021161419068]","[0.74, 6.722276544772013e-27, 2.912157747700014]","[0.81, 3.93815390175582e-33, 0.3487265598514466]","[0.79, 3.0548822409334434e-31, 2.700261460314074]","[0.38, 8.001543644272532e-07, 0.92]","[0.0, 1.0, 0.0]","[0.26, 0.002219935934558366, 0.00313]","[0.26, 0.002219935934558366, 0.09286186398640009]","[0.29, 0.0004117410017938115, 0.008029999999999995]","[0.15, 0.21117008625127576, 0.002320000000000007]","[0.24, 0.0061340334218580265, 0.15169382519929647]","[0.31, 0.00012016164291946694, 0.007959999999999998]","[0.8, 3.5640292810890176e-32, 0.01757000000000001]","[0.73, 4.3321337732975196e-26, 0.6625293144665436]","[0.82, 4.111259567767065e-34, 0.03760161826857103]","[0.58, 6.689905084769254e-16, 2987412.639576447]","[1.0, 2.2087606931995054e-59, 653066.7562588116]","[1.0, 2.2087606931995054e-59, 441147.1317726568]","[1.0, 2.2087606931995054e-59, 1.624356229031635]","[0.9, 4.958889584060123e-43, 0.04966699968452554]","[1.0, 2.2087606931995054e-59, 0.09815079497487288]","[1.0, 2.2087606931995054e-59, 4.030488057581125]","[0.1, 0.7020569828664881, 0.00033310759565957415]","[0.2, 0.03638428787491733, 0.004954343682760134]","[0.63, 6.314161651442317e-19, 0.046046046046046216]","[0.21, 0.024055802841094577, 25156.155382583063]","[0.18, 0.07822115797841851, 0.025625625625625606]","[0.11, 0.5830090612540064, 0.0021743486973947916]","[0.81, 3.93815390175582e-33, 0.03159825437837923]","[0.82, 4.111259567767065e-34, 48832.989724535844]","[0.88, 1.349043370936356e-40, 1.2465073251555383]","[0.08, 0.9084105017744525, 0.0028048492615634474]","[0.05, 0.9996892272702655, 0.0007765007926496794]","[0.16, 0.1548386665118475, 0.004077295992143376]","[0.05, 0.9996892272702655, 0.0005542324548499019]","[0.7, 9.048888467758296e-24, 0.007703981212637803]","[0.0, 1.0, 0.0]","[0.0, 1.0, 0.0]","[0.0, 1.0, 0.0]","[0.0, 1.0, 0.0]","[0.0, 1.0, 0.0]","[0.0, 1.0, 0.0]","[0.77, 1.923609841119e-29, 7.721490113965501e-14]","[0.48, 8.448372017533173e-11, 0.009957651416892583]"
1.0,0.0,0.0,23.0,1.0,0.0,1.0,0.0,"[0.16, 0.1548386665118475, 0.009735554100687709]","[0.13, 0.36818778606286096, 0.0047488051399970956]","[0.07, 0.9684099261397212, 0.004779313581691034]","[0.67, 1.3341803223979991e-21, 0.027719544615168838]","[0.16, 0.1548386665118475, 0.008445388045160582]","[0.12, 0.469506448503778, 0.006085198035905039]","[0.06, 0.9942356257694902, 0.003960276112748992]","[0.64, 1.424536470142474e-19, 0.024071299148708578]","[0.16, 0.1548386665118475, 1.0119361616631222]","[0.12, 0.469506448503778, 0.4894449818816168]","[0.07, 0.9684099261397212, 0.49564830808876825]","[0.67, 1.3341803223979991e-21, 2.8924258502725197]","[0.16, 0.1548386665118475, 0.8299510435681485]","[0.12, 0.469506448503778, 0.6169532443504503]","[0.05, 0.9996892272702655, 0.40727269378370684]","[0.64, 1.424536470142474e-19, 2.465728587594432]","[0.67, 1.3341803223979991e-21, 0.2686179776613899]","[0.66, 6.55317981883723e-21, 2.1467476328046535]","[0.18, 0.07822115797841851, 0.52]","[0.0, 1.0, 0.0]","[0.05, 0.9996892272702655, 0.0009000000000000041]","[0.06, 0.9942356257694902, 0.02712523741416043]","[0.23, 0.009878183186176536, 0.006229999999999994]","[0.12, 0.469506448503778, 0.0020400000000000045]","[0.21, 0.024055802841094577, 0.13641965575984294]","[0.29, 0.0004117410017938115, 0.008309999999999998]","[0.61, 1.1250455638865439e-17, 0.012820000000000008]","[0.61, 1.1250455638865439e-17, 0.5358339074662896]","[0.69, 4.9622936758674526e-23, 0.027641316023726645]","[0.46, 6.422179651064002e-10, 2379601.0755980024]","[1.0, 2.2087606931995054e-59, 1769481.3959420577]","[1.0, 2.2087606931995054e-59, 440965.42166311294]","[1.0, 2.2087606931995054e-59, 2.649385150327693]","[0.73, 4.3321337732975196e-26, 0.03450486950703206]","[0.99, 4.417521386399011e-57, 0.06915586506082777]","[0.92, 1.2170049699100436e-45, 2.602345855502578]","[0.26, 0.002219935934558366, 0.0007118740906628651]","[0.19, 0.05390207893129876, 0.005769271716183941]","[0.46, 6.422179651064002e-10, 0.03443443443443461]","[0.28, 0.0007377026282063397, 27500.073028392206]","[0.19, 0.05390207893129876, 0.02862862862862864]","[0.06, 0.9942356257694902, 0.0017034068136272521]","[0.78, 2.485563277850393e-30, 0.029835996686666397]","[0.72, 2.6766397956445386e-25, 40273.58604299894]","[0.8, 3.5640292810890176e-32, 2.6173083012535834]","[0.1, 0.7020569828664881, 0.0026147229409835735]","[0.07, 0.9684099261397212, 0.000841563137260425]","[0.1, 0.7020569828664881, 0.003079686460682995]","[0.07, 0.9684099261397212, 0.0008426393798021237]","[0.52, 1.070075869779788e-12, 0.005397092812371863]","[0.0, 1.0, 0.0]","[0.0, 1.0, 0.0]","[0.0, 1.0, 0.0]","[0.0, 1.0, 0.0]","[0.0, 1.0, 0.0]","[0.0, 1.0, 0.0]","[0.61, 1.1250455638865439e-17, 5.684230863778339e-14]","[0.31, 0.00012016164291946694, 0.006780311587840477]"
1.0,0.0,0.0,27.0,1.0,0.0,1.0,0.0,"[0.09, 0.8154147124661313, 0.0054890910442296666]","[0.38, 8.001543644272532e-07, 0.03105254684418144]","[0.33, 3.211428734211389e-05, 0.029395000110391152]","[0.35, 7.850159128072286e-06, 0.011999600907529244]","[0.07, 0.9684099261397212, 0.004554265338891827]","[0.35, 7.850159128072286e-06, 0.028779430681403415]","[0.32, 6.281176788972264e-05, 0.02640971178609466]","[0.35, 7.850159128072286e-06, 0.010780564749618946]","[0.09, 0.8154147124661313, 0.562233431990788]","[0.37, 1.7527190839835072e-06, 3.239970633941973]","[0.32, 6.281176788972264e-05, 3.067061570928775]","[0.34, 1.605714367105695e-05, 1.252142922073084]","[0.07, 0.9684099261397212, 0.44202919173434263]","[0.35, 7.850159128072286e-06, 2.9473157097712357]","[0.33, 3.211428734211389e-05, 2.7036349143826977]","[0.34, 1.605714367105695e-05, 1.1042913769550702]","[0.35, 7.850159128072286e-06, 0.1302642563465613]","[0.36, 3.751914289152195e-06, 1.0745561094674907]","[0.06, 0.9942356257694902, 0.09999999999999998]","[0.0, 1.0, 0.0]","[0.51, 3.319419024623016e-12, 0.008059999999999998]","[0.51, 3.319419024623016e-12, 0.2480369511840101]","[0.1, 0.7020569828664881, 0.0017499999999999966]","[0.22, 0.015577131622877688, 0.005040000000000012]","[0.22, 0.015577131622877688, 0.19846386271532623]","[0.16, 0.1548386665118475, 0.003920000000000005]","[0.53, 3.35710076793659e-13, 0.010119999999999988]","[0.58, 6.689905084769254e-16, 0.5134439806390437]","[0.44, 4.414205948474835e-09, 0.014531656820693198]","[0.27, 0.0012935059781377376, 1305036.4073744994]","[1.0, 2.2087606931995054e-59, 353072.25474556437]","[1.0, 2.2087606931995054e-59, 431436.64273654623]","[1.0, 2.2087606931995054e-59, 0.7922245451317823]","[0.4, 1.5550790371345692e-07, 0.01391084139764846]","[0.66, 6.55317981883723e-21, 0.033155969940153046]","[0.73, 4.3321337732975196e-26, 0.7249535470618911]","[0.28, 0.0007377026282063397, 0.001103834384976684]","[0.13, 0.36818778606286096, 0.0027912416204474142]","[0.14, 0.2819416298082479, 0.008408408408408523]","[0.11, 0.5830090612540064, 8189.866188049491]","[0.21, 0.024055802841094577, 0.0354354354354354]","[0.07, 0.9684099261397212, 0.0019238476953907875]","[0.13, 0.36818778606286096, 0.004929134168493712]","[0.46, 6.422179651064002e-10, 23404.211167561258]","[0.79, 3.0548822409334434e-31, 0.7155651645632692]","[0.1, 0.7020569828664881, 0.002813768015998659]","[0.08, 0.9084105017744525, 0.0006882507170099906]","[0.12, 0.469506448503778, 0.003104419832200777]","[0.07, 0.9684099261397212, 0.0005761311380361196]","[0.3, 0.0002248739317492479, 0.0028515173679831297]","[0.0, 1.0, 0.0]","[0.0, 1.0, 0.0]","[0.0, 1.0, 0.0]","[0.0, 1.0, 0.0]","[0.0, 1.0, 0.0]","[0.0, 1.0, 0.0]","[0.36, 3.751914289152195e-06, 2.684963362753479e-14]","[0.22, 0.015577131622877688, 0.0039594632718271666]"
1.0,0.0,0.0,10.0,1.0,0.0,1.0,0.0,"[0.13, 0.36818778606286096, 0.007489757179462214]","[0.21, 0.024055802841094577, 0.012851932771622613]","[0.15, 0.21117008625127576, 0.010704321919441118]","[0.98, 4.395433779467016e-55, 0.057229636971901934]","[0.12, 0.469506448503778, 0.005321058263606833]","[0.24, 0.0061340334218580265, 0.013847779546789302]","[0.12, 0.469506448503778, 0.00892381741250975]","[0.99, 4.417521386399011e-57, 0.04987709163063599]","[0.13, 0.36818778606286096, 0.7738987413740377]","[0.21, 0.024055802841094577, 1.337867016808958]","[0.15, 0.21117008625127576, 1.1165074497249343]","[0.98, 4.395433779467016e-55, 5.9718709653045785]","[0.13, 0.36818778606286096, 0.5481883169973654]","[0.24, 0.0061340334218580265, 1.418171101266043]","[0.12, 0.469506448503778, 0.908325526746077]","[0.99, 4.417521386399011e-57, 5.10995061868309]","[1.0, 2.2087606931995054e-59, 1.102424882331051]","[1.0, 2.2087606931995054e-59, 8.101634108868913]","[0.81, 3.93815390175582e-33, 2.2]","[0.0, 1.0, 0.0]","[0.08, 0.9084105017744525, 0.0008399999999999972]","[0.08, 0.9084105017744525, 0.02044985189024643]","[0.63, 6.314161651442317e-19, 0.018419999999999985]","[0.39, 3.5690338557186834e-07, 0.007800000000000011]","[0.57, 2.458151170682656e-15, 0.46081267673290166]","[0.36, 3.751914289152195e-06, 0.00719]","[1.0, 2.2087606931995054e-59, 0.05338999999999999]","[0.99, 4.417521386399011e-57, 1.3126777171169923]","[1.0, 2.2087606931995054e-59, 0.10343666139635482]","[0.97, 2.9009862944482307e-53, 5982752.227154335]","[0.38, 8.001543644272532e-07, 32977.1614434765]","[1.0, 2.2087606931995054e-59, 580660.920496463]","[1.0, 2.2087606931995054e-59, 0.4907034281643933]","[1.0, 2.2087606931995054e-59, 0.1377166959894319]","[1.0, 2.2087606931995054e-59, 0.2728072155972232]","[1.0, 2.2087606931995054e-59, 328.74153230139467]","[1.0, 2.2087606931995054e-59, 0.0056953047924508705]","[0.1, 0.7020569828664881, 0.0018182547625491135]","[0.96, 1.4287357500157535e-51, 0.10930930930930921]","[0.3, 0.0002248739317492479, 52006.79983405903]","[0.53, 3.35710076793659e-13, 0.1097097097097097]","[0.16, 0.1548386665118475, 0.003857715430861715]","[0.96, 1.4287357500157535e-51, 0.0594613134879055]","[1.0, 2.2087606931995054e-59, 99640.36763875764]","[0.98, 4.395433779467016e-55, 33.55401010814362]","[0.15, 0.21117008625127576, 0.004454484771044195]","[0.09, 0.8154147124661313, 0.0007537788467690664]","[0.17, 0.11119526053829192, 0.004301665836789528]","[0.07, 0.9684099261397212, 0.000710227769057118]","[0.98, 4.395433779467016e-55, 0.01936403542619323]","[0.0, 1.0, 0.0]","[0.0, 1.0, 0.0]","[0.0, 1.0, 0.0]","[0.57, 2.458151170682656e-15, 0.19]","[0.0, 1.0, 0.0]","[0.0, 1.0, 0.0]","[1.0, 2.2087606931995054e-59, 1.9984569554765127e-13]","[0.97, 2.9009862944482307e-53, 0.026273689637333203]"
1.0,0.0,0.0,8.0,1.0,0.0,1.0,0.0,"[0.1, 0.7020569828664881, 0.007633414579411859]","[0.11, 0.5830090612540064, 0.005862222068108637]","[0.12, 0.469506448503778, 0.006337633424860164]","[0.61, 1.1250455638865439e-17, 0.025288167789123614]","[0.11, 0.5830090612540064, 0.007469599325630841]","[0.1, 0.7020569828664881, 0.005011750757263373]","[0.09, 0.8154147124661313, 0.005212735429142051]","[0.54, 1.0245697148897385e-13, 0.021663554585321286]","[0.1, 0.7020569828664881, 0.7963487290609507]","[0.11, 0.5830090612540064, 0.6146376489837438]","[0.12, 0.469506448503778, 0.6558701594426857]","[0.61, 1.1250455638865439e-17, 2.6386895894429374]","[0.11, 0.5830090612540064, 0.7703063614014081]","[0.1, 0.7020569828664881, 0.49613085400417334]","[0.1, 0.7020569828664881, 0.5159420876672244]","[0.54, 1.0245697148897385e-13, 2.21905530201299]","[0.63, 6.314161651442317e-19, 0.2121106536371781]","[0.52, 1.070075869779788e-12, 1.6622407029963029]","[0.17, 0.11119526053829192, 0.54]","[0.0, 1.0, 0.0]","[0.1, 0.7020569828664881, 0.0008800000000000006]","[0.1, 0.7020569828664881, 0.022727008531251248]","[0.24, 0.0061340334218580265, 0.006]","[0.12, 0.469506448503778, 0.0020300000000000014]","[0.19, 0.05390207893129876, 0.12332230522053501]","[0.26, 0.002219935934558366, 0.005399999999999996]","[0.64, 1.424536470142474e-19, 0.012960000000000005]","[0.59, 1.7671447393730104e-16, 0.5092146068787169]","[0.7, 9.048888467758296e-24, 0.024783397647015502]","[0.49, 2.948425133635738e-11, 2457808.7041936875]","[0.15, 0.21117008625127576, 11634.736012470126]","[1.0, 2.2087606931995054e-59, 1329281.790712668]","[1.0, 2.2087606931995054e-59, 1.1233031229357233]","[0.79, 3.0548822409334434e-31, 0.03663682099228094]","[0.99, 4.417521386399011e-57, 0.06645046384389297]","[0.93, 5.044580186155621e-47, 2.219291472727238]","[0.23, 0.009878183186176536, 0.0005403088711530113]","[0.14, 0.2819416298082479, 0.004607695890877019]","[0.42, 2.749465483696122e-08, 0.031231231231231393]","[0.19, 0.05390207893129876, 18134.68870830221]","[0.18, 0.07822115797841851, 0.024624624624624676]","[0.11, 0.5830090612540064, 0.0023847695390781546]","[0.78, 2.485563277850393e-30, 0.030464380653999132]","[0.74, 6.722276544772013e-27, 37383.83033352037]","[0.82, 4.111259567767065e-34, 1.2184723300584615]","[0.11, 0.5830090612540064, 0.003500806964063719]","[0.06, 0.9942356257694902, 0.0006972399105834826]","[0.14, 0.2819416298082479, 0.004570718802529191]","[0.06, 0.9942356257694902, 0.000629494540938715]","[0.52, 1.070075869779788e-12, 0.00534559248241212]","[0.0, 1.0, 0.0]","[0.0, 1.0, 0.0]","[0.0, 1.0, 0.0]","[0.0, 1.0, 0.0]","[0.0, 1.0, 0.0]","[0.0, 1.0, 0.0]","[0.63, 6.314161651442317e-19, 5.528688618028354e-14]","[0.29, 0.0004117410017938115, 0.006030581732724331]"
1.0,0.0,0.0,13.0,1.0,0.0,1.0,0.0,"[0.11, 0.5830090612540064, 0.006550997963024201]","[0.42, 2.749465483696122e-08, 0.03462168833376412]","[0.39, 3.5690338557186834e-07, 0.029423424935153382]","[0.7, 9.048888467758296e-24, 0.031778062516248234]","[0.13, 0.36818778606286096, 0.005346320374771009]","[0.43, 1.1151678185620634e-08, 0.03285061378199589]","[0.37, 1.7527190839835072e-06, 0.027034326265916116]","[0.67, 1.3341803223979991e-21, 0.02724800770685041]","[0.11, 0.5830090612540064, 0.6843770626398615]","[0.42, 2.749465483696122e-08, 3.612838817313428]","[0.39, 3.5690338557186834e-07, 3.0677675360835357]","[0.7, 9.048888467758296e-24, 3.316071616423132]","[0.13, 0.36818778606286096, 0.5481697472419262]","[0.44, 4.414205948474835e-09, 3.367172110893817]","[0.37, 1.7527190839835072e-06, 2.7592779477183367]","[0.68, 2.6207113475674983e-22, 2.7914775143585544]","[0.68, 2.6207113475674983e-22, 0.2942824378313645]","[0.6, 4.528308394643339e-17, 2.4481521429417445]","[0.13, 0.36818778606286096, 0.29000000000000004]","[0.0, 1.0, 0.0]","[0.37, 1.7527190839835072e-06, 0.005849999999999999]","[0.37, 1.7527190839835072e-06, 0.17727000245802704]","[0.14, 0.2819416298082479, 0.003370000000000002]","[0.43, 1.1151678185620634e-08, 0.009929999999999998]","[0.39, 3.5690338557186834e-07, 0.4126411429593021]","[0.25, 0.0037294923618311367, 0.006449999999999997]","[0.76, 1.4186622578252622e-28, 0.016029999999999982]","[0.81, 3.93815390175582e-33, 0.9345406251561086]","[0.73, 4.3321337732975196e-26, 0.036095040895320174]","[0.56, 8.771130313572204e-15, 4054257.6033002287]","[0.45, 1.7047967801006258e-09, 64553.73322275997]","[1.0, 2.2087606931995054e-59, 289844.5676500568]","[1.0, 2.2087606931995054e-59, 0.296544483629078]","[0.85, 3.231287980676471e-37, 0.036652249843082754]","[0.99, 4.417521386399011e-57, 0.0830067226449043]","[1.0, 2.2087606931995054e-59, 1.9093175363841526]","[0.86, 2.6058774037713476e-38, 0.004527687180232866]","[0.1, 0.7020569828664881, 0.0017788621683602396]","[0.47, 2.359168035084735e-10, 0.04344344344344373]","[0.09, 0.8154147124661313, 8988.48893888281]","[0.33, 3.211428734211389e-05, 0.07247247247247243]","[0.12, 0.469506448503778, 0.0027054108216432865]","[0.78, 2.485563277850393e-30, 0.03672343806678992]","[0.88, 1.349043370936356e-40, 68076.5862169232]","[0.96, 1.4287357500157535e-51, 1.3369523690002492]","[0.1, 0.7020569828664881, 0.005044096551886396]","[0.09, 0.8154147124661313, 0.0010825487206483188]","[0.16, 0.1548386665118475, 0.004822129110599184]","[0.09, 0.8154147124661313, 0.0006612128865305035]","[0.65, 3.108079571219943e-20, 0.007368814347510208]","[0.0, 1.0, 0.0]","[0.0, 1.0, 0.0]","[0.0, 1.0, 0.0]","[0.0, 1.0, 0.0]","[0.0, 1.0, 0.0]","[0.0, 1.0, 0.0]","[0.77, 1.923609841119e-29, 7.077338715077986e-14]","[0.41, 6.617357604827955e-08, 0.009992020712165112]"
1.0,0.0,0.0,2.0,1.0,0.0,1.0,0.0,"[0.11, 0.5830090612540064, 0.006384264937270949]","[0.13, 0.36818778606286096, 0.0075105272741582095]","[0.16, 0.1548386665118475, 0.013254000998542275]","[0.96, 1.4287357500157535e-51, 0.057909674336632966]","[0.09, 0.8154147124661313, 0.0052301052219346]","[0.12, 0.469506448503778, 0.0055704319257633104]","[0.16, 0.1548386665118475, 0.012469048000637077]","[0.97, 2.9009862944482307e-53, 0.05075666159315001]","[0.11, 0.5830090612540064, 0.6671367340683503]","[0.13, 0.36818778606286096, 0.7804148732431283]","[0.16, 0.1548386665118475, 1.3824678887144293]","[0.96, 1.4287357500157535e-51, 6.042811127792531]","[0.1, 0.7020569828664881, 0.5294138706849008]","[0.13, 0.36818778606286096, 0.558512554106421]","[0.17, 0.11119526053829192, 1.2798237471459428]","[0.97, 2.9009862944482307e-53, 5.199728959384708]","[1.0, 2.2087606931995054e-59, 1.2121954691002625]","[1.0, 2.2087606931995054e-59, 8.850992418105632]","[0.94, 1.8202093455200697e-48, 2.74]","[0.0, 1.0, 0.0]","[0.18, 0.07822115797841851, 0.002639999999999993]","[0.18, 0.07822115797841851, 0.07135854834840472]","[0.8, 3.5640292810890176e-32, 0.020989999999999988]","[0.53, 3.35710076793659e-13, 0.008190000000000017]","[0.73, 4.3321337732975196e-26, 0.4924151011298241]","[0.5, 1.0024645454361508e-11, 0.008339999999999997]","[1.0, 2.2087606931995054e-59, 0.05914000000000001]","[1.0, 2.2087606931995054e-59, 1.3901847835556225]","[1.0, 2.2087606931995054e-59, 0.11214234483506867]","[0.99, 4.417521386399011e-57, 6309542.922692147]","[0.48, 8.448372017533173e-11, 39704.75629913833]","[1.0, 2.2087606931995054e-59, 706201.01257892]","[1.0, 2.2087606931995054e-59, 0.5969597656679664]","[1.0, 2.2087606931995054e-59, 0.15083648794339072]","[1.0, 2.2087606931995054e-59, 0.29698991296564714]","[1.0, 2.2087606931995054e-59, 509.07949586848366]","[1.0, 2.2087606931995054e-59, 0.006801249914216875]","[0.21, 0.024055802841094577, 0.00560471200789596]","[0.99, 4.417521386399011e-57, 0.11271271271271266]","[0.46, 6.422179651064002e-10, 99302.32735599764]","[0.57, 2.458151170682656e-15, 0.10350350350350358]","[0.09, 0.8154147124661313, 0.002875751503006019]","[0.99, 4.417521386399011e-57, 0.06227249574046316]","[1.0, 2.2087606931995054e-59, 104894.3558235653]","[1.0, 2.2087606931995054e-59, 103.52225539800935]","[0.06, 0.9942356257694902, 0.00220211142840257]","[0.11, 0.5830090612540064, 0.0013973440732774447]","[0.17, 0.11119526053829192, 0.005052331140223109]","[0.09, 0.8154147124661313, 0.0009816407103578986]","[1.0, 2.2087606931995054e-59, 0.020418783963872422]","[0.0, 1.0, 0.0]","[0.0, 1.0, 0.0]","[0.0, 1.0, 0.0]","[1.0, 2.2087606931995054e-59, 0.33333333333333337]","[0.0, 1.0, 0.0]","[0.0, 1.0, 0.0]","[1.0, 2.2087606931995054e-59, 2.1618373757803506e-13]","[1.0, 2.2087606931995054e-59, 0.028378067339960615]"
1.0,0.0,0.0,12.0,1.0,0.0,1.0,0.0,"[0.09, 0.8154147124661313, 0.005425852086630259]","[0.39, 3.5690338557186834e-07, 0.03531245114644016]","[0.37, 1.7527190839835072e-06, 0.03652343324014242]","[0.36, 3.751914289152195e-06, 0.014369329950601684]","[0.11, 0.5830090612540064, 0.006643105942480915]","[0.39, 3.5690338557186834e-07, 0.033431159189505004]","[0.39, 3.5690338557186834e-07, 0.03390029606229042]","[0.34, 1.605714367105695e-05, 0.012709960933438541]","[0.09, 0.8154147124661313, 0.5625704165233667]","[0.39, 3.5690338557186834e-07, 3.684854980312762]","[0.38, 8.001543644272532e-07, 3.8112017347918026]","[0.36, 3.751914289152195e-06, 1.499461970872098]","[0.1, 0.7020569828664881, 0.6624420920054925]","[0.39, 3.5690338557186834e-07, 3.4256504371912917]","[0.39, 3.5690338557186834e-07, 3.472827507573238]","[0.34, 1.605714367105695e-05, 1.302200979864345]","[0.32, 6.281176788972264e-05, 0.11883937472627566]","[0.3, 0.0002248739317492479, 0.9366046945422908]","[0.06, 0.9942356257694902, 0.1899999999999999]","[0.0, 1.0, 0.0]","[0.44, 4.414205948474835e-09, 0.007829999999999993]","[0.44, 4.414205948474835e-09, 0.24546960954725575]","[0.06, 0.9942356257694902, 0.0014099999999999922]","[0.18, 0.07822115797841851, 0.0046900000000000015]","[0.19, 0.05390207893129876, 0.1844015422028637]","[0.15, 0.21117008625127576, 0.0039799999999999966]","[0.54, 1.0245697148897385e-13, 0.009809999999999992]","[0.57, 2.458151170682656e-15, 0.4973606727512876]","[0.41, 6.617357604827955e-08, 0.014270564113440274]","[0.28, 0.0007377026282063397, 1308327.3168441053]","[0.15, 0.21117008625127576, 8219.397824932501]","[0.56, 8.771130313572204e-15, 85862.72484173614]","[0.87, 1.9509242595079607e-39, 0.07674220106835256]","[0.44, 4.414205948474835e-09, 0.014450608760758606]","[0.66, 6.55317981883723e-21, 0.03267006270564644]","[0.71, 1.5875242925891747e-24, 0.7397972005150102]","[0.25, 0.0037294923618311367, 0.0011319568328227924]","[0.17, 0.11119526053829192, 0.0027654228991941827]","[0.16, 0.1548386665118475, 0.01021021021021037]","[0.11, 0.5830090612540064, 9451.707891405094]","[0.17, 0.11119526053829192, 0.026026026026025963]","[0.08, 0.9084105017744525, 0.002194388777555115]","[0.13, 0.36818778606286096, 0.0036860301004454773]","[0.43, 1.1151678185620634e-08, 22331.963928631834]","[0.8, 3.5640292810890176e-32, 0.6222707964782881]","[0.16, 0.1548386665118475, 0.005516815605956897]","[0.06, 0.9942356257694902, 0.0008075099709107293]","[0.1, 0.7020569828664881, 0.0027415469677853598]","[0.07, 0.9684099261397212, 0.0005958228474008237]","[0.3, 0.0002248739317492479, 0.0028253242586068162]","[0.0, 1.0, 0.0]","[0.0, 1.0, 0.0]","[0.0, 1.0, 0.0]","[0.0, 1.0, 0.0]","[0.0, 1.0, 0.0]","[0.0, 1.0, 0.0]","[0.36, 3.751914289152195e-06, 2.748357097459575e-14]","[0.22, 0.015577131622877688, 0.0039054980265173156]"
1.0,0.0,0.0,17.0,1.0,0.0,1.0,0.0,"[0.06, 0.9942356257694902, 0.005387115511542458]","[0.09, 0.8154147124661313, 0.004801252813972498]","[0.12, 0.469506448503778, 0.009728711080263219]","[0.96, 1.4287357500157535e-51, 0.05984756611622669]","[0.08, 0.9084105017744525, 0.004532617498565381]","[0.08, 0.9084105017744525, 0.005436639285091909]","[0.14, 0.2819416298082479, 0.008469122782857823]","[0.97, 2.9009862944482307e-53, 0.0521423121571708]","[0.07, 0.9684099261397212, 0.557219339521849]","[0.09, 0.8154147124661313, 0.5010996968091517]","[0.12, 0.469506448503778, 1.0137905806696201]","[0.96, 1.4287357500157535e-51, 6.24498232216982]","[0.09, 0.8154147124661313, 0.45953249996480927]","[0.08, 0.9084105017744525, 0.5364709294761763]","[0.15, 0.21117008625127576, 0.8665724594759322]","[0.97, 2.9009862944482307e-53, 5.3418925830516955]","[1.0, 2.2087606931995054e-59, 1.210443593607392]","[1.0, 2.2087606931995054e-59, 8.841585145529589]","[0.87, 1.9509242595079607e-39, 2.67]","[0.0, 1.0, 0.0]","[0.19, 0.05390207893129876, 0.002669999999999995]","[0.18, 0.07822115797841851, 0.07079251367959197]","[0.77, 1.923609841119e-29, 0.020719999999999995]","[0.54, 1.0245697148897385e-13, 0.008490000000000017]","[0.73, 4.3321337732975196e-26, 0.5053113753824098]","[0.47, 2.359168035084735e-10, 0.008060000000000005]","[1.0, 2.2087606931995054e-59, 0.06]","[1.0, 2.2087606931995054e-59, 1.3928217826513865]","[1.0, 2.2087606931995054e-59, 0.11201127600506675]","[0.99, 4.417521386399011e-57, 6315421.281512809]","[1.0, 2.2087606931995054e-59, 1147018.8332823475]","[1.0, 2.2087606931995054e-59, 435742.88229170913]","[0.8, 3.5640292810890176e-32, 80.18112072410574]","[1.0, 2.2087606931995054e-59, 0.15074811893401724]","[1.0, 2.2087606931995054e-59, 0.2968485683472858]","[1.0, 2.2087606931995054e-59, 448.59963986749415]","[1.0, 2.2087606931995054e-59, 0.0068042343288166884]","[0.21, 0.024055802841094577, 0.004942323880154794]","[0.99, 4.417521386399011e-57, 0.11151151151151144]","[0.5, 1.0024645454361508e-11, 101449.55727005677]","[0.63, 6.314161651442317e-19, 0.12612612612612611]","[0.17, 0.11119526053829192, 0.004048096192384765]","[0.99, 4.417521386399011e-57, 0.06267216696914964]","[1.0, 2.2087606931995054e-59, 105573.51537836302]","[1.0, 2.2087606931995054e-59, 149.06877842642228]","[0.09, 0.8154147124661313, 0.0028621286155610867]","[0.09, 0.8154147124661313, 0.0012544062631280896]","[0.14, 0.2819416298082479, 0.0039026274884935153]","[0.07, 0.9684099261397212, 0.0008601210994434562]","[1.0, 2.2087606931995054e-59, 0.020219172055485787]","[0.0, 1.0, 0.0]","[0.0, 1.0, 0.0]","[0.0, 1.0, 0.0]","[1.0, 2.2087606931995054e-59, 0.33333333333333337]","[0.0, 1.0, 0.0]","[0.0, 1.0, 0.0]","[1.0, 2.2087606931995054e-59, 2.1617041490173957e-13]","[1.0, 2.2087606931995054e-59, 0.028319380632857435]"
1.0,0.0,0.0,9.0,1.0,0.0,1.0,0.0,"[0.08, 0.9084105017744525, 0.004887823083696277]","[0.11, 0.5830090612540064, 0.004435568159924062]","[0.13, 0.36818778606286096, 0.009973680944968873]","[0.96, 1.4287357500157535e-51, 0.05454725685608082]","[0.08, 0.9084105017744525, 0.005029549647962942]","[0.11, 0.5830090612540064, 0.0043476217169330115]","[0.17, 0.11119526053829192, 0.00935051414005364]","[0.96, 1.4287357500157535e-51, 0.04731682667325549]","[0.08, 0.9084105017744525, 0.5045326680668575]","[0.11, 0.5830090612540064, 0.4591401395551409]","[0.13, 0.36818778606286096, 1.0408077637786575]","[0.96, 1.4287357500157535e-51, 5.691925330200958]","[0.08, 0.9084105017744525, 0.5054919019167587]","[0.11, 0.5830090612540064, 0.458268252837283]","[0.18, 0.07822115797841851, 0.9426849029537719]","[0.96, 1.4287357500157535e-51, 4.847522272208154]","[1.0, 2.2087606931995054e-59, 0.9697406253347165]","[1.0, 2.2087606931995054e-59, 7.172828858623353]","[0.71, 1.5875242925891747e-24, 1.8900000000000001]","[0.0, 1.0, 0.0]","[0.08, 0.9084105017744525, 0.0007699999999999977]","[0.08, 0.9084105017744525, 0.020528148852031837]","[0.63, 6.314161651442317e-19, 0.01808999999999998]","[0.36, 3.751914289152195e-06, 0.00652000000000001]","[0.52, 1.070075869779788e-12, 0.42076515317518787]","[0.44, 4.414205948474835e-09, 0.0077899999999999974]","[1.0, 2.2087606931995054e-59, 0.04574]","[0.99, 4.417521386399011e-57, 1.208089819571942]","[1.0, 2.2087606931995054e-59, 0.0932129487069402]","[0.93, 5.044580186155621e-47, 5734486.338069843]","[0.34, 1.605714367105695e-05, 29269.73247971459]","[1.0, 2.2087606931995054e-59, 970560.6059964523]","[1.0, 2.2087606931995054e-59, 0.820816728614419]","[1.0, 2.2087606931995054e-59, 0.1264880415343354]","[1.0, 2.2087606931995054e-59, 0.2468622159117318]","[1.0, 2.2087606931995054e-59, 104.45445378138862]","[0.95, 5.600644140061753e-50, 0.004492768461137362]","[0.11, 0.5830090612540064, 0.0022505748473026777]","[0.95, 5.600644140061753e-50, 0.10050050050050037]","[0.39, 3.5690338557186834e-07, 69028.43805829037]","[0.49, 2.948425133635738e-11, 0.09609609609609615]","[0.11, 0.5830090612540064, 0.0023947895791583194]","[0.78, 2.485563277850393e-30, 0.03396469993990329]","[1.0, 2.2087606931995054e-59, 94318.19735215079]","[0.98, 4.395433779467016e-55, 14.696411482967907]","[0.1, 0.7020569828664881, 0.002384882530763458]","[0.09, 0.8154147124661313, 0.0006870779886976729]","[0.14, 0.2819416298082479, 0.00508386235076706]","[0.07, 0.9684099261397212, 0.0007295297722115148]","[0.95, 5.600644140061753e-50, 0.017143985105743498]","[0.0, 1.0, 0.0]","[0.0, 1.0, 0.0]","[0.0, 1.0, 0.0]","[0.16, 0.1548386665118475, 0.053333333333333344]","[0.0, 1.0, 0.0]","[0.0, 1.0, 0.0]","[0.99, 4.417521386399011e-57, 1.8420043268463353e-13]","[0.94, 1.8202093455200697e-48, 0.023561866978587243]"
1.0,0.0,0.0,0.0,1.0,0.0,1.0,0.0,"[0.0, 1.0, 0.0]","[0.0, 1.0, 0.0]","[0.0, 1.0, 0.0]","[0.0, 1.0, 0.0]","[0.0, 1.0, 0.0]","[0.0, 1.0, 0.0]","[0.0, 1.0, 0.0]","[0.0, 1.0, 0.0]","[0.0, 1.0, 0.0]","[0.0, 1.0, 0.0]","[0.0, 1.0, 0.0]","[0.0, 1.0, 0.0]","[0.0, 1.0, 0.0]","[0.0, 1.0, 0.0]","[0.0, 1.0, 0.0]","[0.0, 1.0, 0.0]","[0.0, 1.0, 0.0]","[0.0, 1.0, 0.0]","[0.0, 1.0, 0.0]","[0.0, 1.0, 0.0]","[0.0, 1.0, 0.0]","[0.0, 1.0, 0.0]","[0.0, 1.0, 0.0]","[0.0, 1.0, 0.0]","[0.0, 1.0, 0.0]","[0.0, 1.0, 0.0]","[0.0, 1.0, 0.0]","[0.0, 1.0, 0.0]","[0.0, 1.0, 0.0]","[0.0, 1.0, 0.0]","[0.0, 1.0, 0.0]","[0.0, 1.0, 0.0]","[0.0, 1.0, 0.0]","[0.0, 1.0, 0.0]","[0.0, 1.0, 0.0]","[0.0, 1.0, 0.0]","[0.0, 1.0, 0.0]","[0.1, 0.7020569828664881, 0.0018011839223348778]","[0.03, 0.9999999999962054, 0.0020020020020019647]","[0.1, 0.7020569828664881, 6299.610379295964]","[0.05, 0.9996892272702655, 0.009609609609609602]","[0.09, 0.8154147124661313, 0.002084168336673354]","[0.0, 1.0, 0.0]","[0.0, 1.0, 0.0]","[0.0, 1.0, 0.0]","[0.0, 1.0, 0.0]","[0.0, 1.0, 0.0]","[0.0, 1.0, 0.0]","[0.0, 1.0, 0.0]","[0.0, 1.0, 0.0]","[0.0, 1.0, 0.0]","[0.0, 1.0, 0.0]","[0.0, 1.0, 0.0]","[0.0, 1.0, 0.0]","[0.0, 1.0, 0.0]","[0.0, 1.0, 0.0]","[0.03, 0.9999999999962054, 2.975397705995418e-16]","[0.01, 1.0, 3.930189507173054e-16]"
