problem_id,experiment_id,subtract_lim,rotate_lim,scale_factor,is_subtract,is_rotate,is_scale,disp.ratio_mean_02,disp.ratio_mean_05,disp.ratio_mean_10,disp.ratio_mean_25,disp.ratio_median_02,disp.ratio_median_05,disp.ratio_median_10,disp.ratio_median_25,disp.diff_mean_02,disp.diff_mean_05,disp.diff_mean_10,disp.diff_mean_25,disp.diff_median_02,disp.diff_median_05,disp.diff_median_10,disp.diff_median_25,ela_distr.skewness,ela_distr.kurtosis,ela_distr.number_of_peaks,ela_level.mmce_lda_10,ela_level.mmce_qda_10,ela_level.lda_qda_10,ela_level.mmce_lda_25,ela_level.mmce_qda_25,ela_level.lda_qda_25,ela_level.mmce_lda_50,ela_level.mmce_qda_50,ela_level.lda_qda_50,ela_meta.lin_simple.adj_r2,ela_meta.lin_simple.intercept,ela_meta.lin_simple.coef.min,ela_meta.lin_simple.coef.max,ela_meta.lin_simple.coef.max_by_min,ela_meta.lin_w_interact.adj_r2,ela_meta.quad_simple.adj_r2,ela_meta.quad_simple.cond,ela_meta.quad_w_interact.adj_r2,limo.avg_length_norm,limo.length_mean,limo.ratio_mean,nbc.nn_nb.sd_ratio,nbc.nn_nb.mean_ratio,nbc.nn_nb.cor,nbc.dist_ratio.coeff_var,nbc.nb_fitness.cor,pca.expl_var.cov_x,pca.expl_var.cor_x,pca.expl_var.cov_init,pca.expl_var.cor_init,pca.expl_var_PC1.cov_x,pca.expl_var_PC1.cor_x,pca.expl_var_PC1.cov_init,pca.expl_var_PC1.cor_init
3,0,0.0,0.0,4.0,0.0,0.0,1.0,0.7452418602371503,0.7655190443362505,0.8244834337006295,0.8972083352501244,0.7314817336838842,0.7576931136141069,0.8161961912559116,0.8953774211233756,-64.61710620867473,-59.473981204841294,-44.51819524395111,-26.072179380381016,-68.32235071685253,-61.653072246772325,-46.76742650097023,-26.620388344438283,0.436209483850028,0.48952966157869104,4,0.1,0.1,1.0,0.254,0.24400000000000005,1.0409836065573768,0.441,0.354,1.2457627118644068,0.05042131353629209,1233.6508060593344,-0.28673717997144893,0.22401616634023339,-0.7812595714393898,0.08720853323252586,0.33126561166307356,1.569245817289443,0.4146386131697235,,,,0.8372052531141577,0.9148812501378394,0.6072393368927969,0.1257296591648423,-0.5798613022976599,0.9,0.9,0.9090909090909091,0.9090909090909091,0.11339214974162581,0.1133926735918425,0.4013505866726174,0.11255611742626594
3,0,0.0,0.0,4.0,0.0,0.0,1.0,0.7379769159684539,0.7937385180783125,0.8095993310058581,0.8805093063466741,0.7625030434276207,0.7903400562814092,0.8040673932274282,0.8777159323621158,-66.44653582746145,-52.30592945270675,-48.28377973128778,-30.301691494967827,-60.378882701351074,-53.30187523939367,-49.81197255083856,-31.088294699480684,0.31344284372166,0.03395194916411226,2,0.1,0.1,1.0,0.251,0.244,1.028688524590164,0.43499999999999994,0.33399999999999996,1.3023952095808382,0.06421622077775069,1237.850008259214,-0.37848565577196597,0.3167981379478534,-0.8370149122341409,0.11079856140330924,0.3615012708292371,1.3568784444942452,0.45749901659561754,,,,0.8464970746965627,0.9168920804315152,0.5940905778968303,0.12393020317788932,-0.5802819549152647,0.9,0.9,0.8181818181818182,0.9090909090909091,0.11679038808929522,0.11679131466684178,0.429575958655092,0.11727505579247864
3,0,0.0,0.0,4.0,0.0,0.0,1.0,0.7628347199023868,0.7809650807695748,0.8231684515580925,0.8780784219618195,0.7700402701123487,0.774873166491172,0.8173802346656833,0.8752888615312495,-60.15169366451744,-55.55333123785286,-44.84938574365526,-30.922694123814097,-58.51643342641671,-57.28663610778901,-46.47012477251664,-31.7344738372436,0.3451647995742472,-0.030406007162170123,1,0.1,0.10200000000000001,0.9803921568627451,0.26000000000000006,0.23399999999999999,1.1111111111111114,0.41200000000000003,0.33699999999999997,1.222551928783383,0.06281959044585139,1238.8614791909367,-0.33305403240917636,0.40695561367831756,-1.2218906666121634,0.1230981195301335,0.38794103286812376,2.4328220205283193,0.4563961404411224,,,,0.8394930832477434,0.9165217410801754,0.5900885011533288,0.12597110455516394,-0.586202403014705,0.9,0.9,0.8181818181818182,0.9090909090909091,0.11695045757218434,0.11695307554987809,0.4376400586104683,0.12056541935179169
3,0,0.0,0.0,4.0,0.0,0.0,1.0,0.7503452430431254,0.7836751097872653,0.8419114145959989,0.9024079023176634,0.7460902191273234,0.7769648885182349,0.8367737636980616,0.8998501217298794,-63.34404335490049,-54.88737082925522,-40.11127338332972,-24.76170749573768,-64.6416475493707,-56.781416682677815,-41.55496807399919,-25.496667009042227,0.39002592020790616,0.21754296644206406,2,0.1,0.098,1.0204081632653061,0.259,0.244,1.0614754098360657,0.40700000000000003,0.33799999999999997,1.2041420118343198,0.0897540557929426,1238.7233220807705,-0.30888815341399484,0.46316536425435817,-1.4994597854764264,0.1511487439630772,0.36231835885444785,1.315091566126166,0.44510078600811775,,,,0.8696865237708874,0.9140899101054386,0.6007260014547711,0.126398207316847,-0.5569654197230072,0.9,0.9,0.8181818181818182,0.9090909090909091,0.12216116542174522,0.1221598977041876,0.4331187682105356,0.130567983374861
3,0,0.0,0.0,4.0,0.0,0.0,1.0,0.7459602458084452,0.8133432565478774,0.8154046136695278,0.8900852692831316,0.7335228147637877,0.7996300604365589,0.80652984868436,0.8886686785433909,-64.45787896409075,-47.36068894239321,-46.83765778031406,-27.888825634653585,-67.84255232412437,-51.0122774561907,-49.2556571105807,-28.34389366030993,0.27057200548337135,0.06645505852875955,1,0.1,0.097,1.0309278350515465,0.25,0.24099999999999996,1.037344398340249,0.42400000000000004,0.347,1.2219020172910664,0.06075783460802742,1238.4807844128443,-0.343912804273274,0.3286259734233874,-0.9555502712898715,0.10259553712134806,0.391263452882456,1.8184730590171356,0.43291463929357166,,,,0.836842301447246,0.9123494108101176,0.573656844269828,0.1318274533616186,-0.5787082343420207,0.9,0.9,0.8181818181818182,0.9090909090909091,0.11799671974973716,0.11799669841474873,0.43814528766904637,0.11813880234620117
3,0,0.0,0.0,4.0,0.0,0.0,1.0,0.7353583835247735,0.7949985621691542,0.8139263148898753,0.8838291939225937,0.7297123284850695,0.7917191460323667,0.8108042619056444,0.8815755139539385,-67.12626132991713,-51.998549102462505,-47.19753068199756,-29.46668778524895,-68.75021081238134,-52.97819370820474,-48.12371502513213,-30.122381592106393,0.44785481859018234,0.3711743029621095,2,0.1,0.101,0.9900990099009901,0.253,0.23200000000000004,1.0905172413793103,0.43,0.32799999999999996,1.3109756097560976,0.06802055559752185,1233.3623471980661,-0.5111800630359659,0.26915681180656303,-0.5265401201447591,0.13980514241679454,0.4071404591064123,1.899505817685592,0.49733809220295133,,,,0.8782902619424909,0.9085304791428807,0.5538584517617281,0.1360295464782922,-0.575204327076148,0.9,0.9,0.8181818181818182,0.9090909090909091,0.11722411063947318,0.1172261613223218,0.44149929992805903,0.11469606669218126
3,0,0.0,0.0,4.0,0.0,0.0,1.0,0.7627661611927055,0.7956216429456177,0.8359467917890425,0.8936466932131594,0.7513889095805858,0.7900618437409294,0.8308445054260027,0.8904837367620059,-60.15619098962344,-51.82491478838239,-41.599529709651904,-26.968369553064264,-63.17149860107469,-53.34479617163706,-42.98201689561836,-27.827827223083602,0.34945792523888536,-0.044204918314432184,2,0.1,0.101,0.9900990099009901,0.26,0.23500000000000001,1.1063829787234043,0.438,0.357,1.226890756302521,0.06198848556977565,1241.8701639075102,-0.31846213005995283,0.3306027273616767,-1.0381225777125784,0.1119326993164983,0.34610441807562076,1.9461009786617542,0.42207242881078977,,,,0.8607711463018329,0.9158603612907261,0.6042458694658702,0.12674365804888008,-0.6051150672879535,0.9,0.9,0.8181818181818182,0.9090909090909091,0.11781454405986845,0.11781521198223407,0.42584863577663085,0.1141837975922806
3,0,0.0,0.0,4.0,0.0,0.0,1.0,0.7674739640186965,0.8154475890571307,0.8394751656762697,0.887267850522608,0.7585792722313955,0.8108359718565347,0.8370081033685524,0.8852672878874952,-58.9577902833407,-46.79390974320606,-40.701633592925845,-28.58363107180267,-61.31977208494635,-48.046806915210226,-41.399203976856114,-29.141589549716684,0.3968040082281783,0.19244756731918367,1,0.1,0.1,1.0,0.254,0.242,1.0495867768595042,0.438,0.33299999999999996,1.3153153153153154,0.06593164697823695,1235.9126294647665,-0.36089912991370715,0.2873299434288443,-0.7961502802668059,0.12665443936419563,0.4102752181727578,1.4847760446096387,0.4562932508152535,,,,0.8591432446407484,0.9121764740116513,0.5899027462402473,0.1261425479588062,-0.583579421058976,0.9,0.9,0.8181818181818182,0.9090909090909091,0.11572268023486275,0.11571815725593308,0.435775138253703,0.12023768331011085
3,0,0.0,0.0,4.0,0.0,0.0,1.0,0.772585348094161,0.8137871752118038,0.8461826650388641,0.8886118993503401,0.7711986309694469,0.8095098676006606,0.8437590319215991,0.8880697014431891,-57.68316707843607,-47.23242497520573,-39.01538866456457,-28.253317745702446,-58.17975144481272,-48.43794686474584,-39.72904850531921,-28.461704476555582,0.4237063510773523,0.04341276646538539,1,0.1,0.10200000000000001,0.9803921568627451,0.255,0.227,1.1233480176211454,0.40700000000000003,0.339,1.2005899705014749,0.0698785600471582,1239.6153242504404,-0.4101327294388066,0.2940460539743465,-0.7169533979321672,0.09932944610550987,0.37377623584167885,1.5885072409162404,0.4151309577973433,,,,0.8104658733066504,0.9134070737394179,0.5718565260672664,0.12762795367296212,-0.5753603702056509,0.9,0.9,0.8181818181818182,0.9090909090909091,0.11586131954425585,0.11586557658696366,0.43674630097857275,0.11835196950750032
3,0,0.0,0.0,4.0,0.0,0.0,1.0,0.7992072918536617,0.8407901654919642,0.8518600082983578,0.8813995373766994,0.7971245822984978,0.8351747874323624,0.848549932033478,0.8804316237448918,-50.92625406680048,-40.37975560437377,-37.572155505534084,-30.080162510644556,-51.574239541412624,-41.90125689813752,-38.50107702728735,-30.396231088144503,0.4267392556577982,0.12505960609229616,1,0.1,0.099,1.0101010101010102,0.253,0.23700000000000002,1.0675105485232066,0.422,0.336,1.255952380952381,0.052592883107558386,1240.0411147832597,-0.3082334167842823,0.36273995042265395,-1.1768352510478062,0.08722118240067567,0.3711519550408796,1.4941370229453104,0.4097511509441064,,,,0.8360309827881401,0.9100639748998124,0.5760254165239131,0.13122744287648935,-0.5856559358908227,0.9,0.9,0.8181818181818182,0.9090909090909091,0.1177430616071043,0.11774679663292971,0.429916055116935,0.11673671471364398
3,0,0.0,0.0,4.0,0.0,0.0,1.0,0.7371071465861524,0.7915945908335005,0.8458487063421635,0.8911253906551095,0.7415546459804778,0.7880730883364283,0.8439129700571912,0.8898466377538599,-66.69117078644189,-52.86868986758549,-39.105400237343275,-27.619522827792338,-65.75445088097644,-53.91908767795738,-39.71213559813751,-28.025552537659877,0.4002804056009795,-0.05220606002138828,2,0.1,0.099,1.0101010101010102,0.25,0.23400000000000004,1.0683760683760681,0.40800000000000003,0.345,1.1826086956521742,0.06572636792167108,1235.4024314458045,-0.561405063807237,0.2645987930608103,-0.4713152946402038,0.09709967913820072,0.380914983737897,2.375712607646122,0.4246540059491306,,,,0.8573578130406946,0.9168666657333369,0.5703575336751456,0.12675734824773555,-0.5847517896042809,0.9,0.9,0.8181818181818182,0.9090909090909091,0.11402391707711503,0.11402331130582587,0.43510381352642513,0.11590527095716767
3,0,0.0,0.0,4.0,0.0,0.0,1.0,0.8164401035244739,0.8381000278703404,0.8706566308186029,0.898942586073465,0.8131895636041034,0.829925194317698,0.8667421755678382,0.8966277527228383,-46.56257182603426,-41.0682247357081,-32.80978053140848,-25.634646700375214,-47.51908244053226,-43.26203004604906,-33.8968725045865,-26.29486036859572,0.4204619328693072,-0.06662966504412715,1,0.1,0.1,1.0,0.25699999999999995,0.24499999999999997,1.0489795918367346,0.437,0.361,1.2105263157894737,0.07070722109440553,1241.3023296554272,-0.33167155387068487,0.46166730439837794,-1.3919412111488374,0.11406640732598183,0.35251329543709886,1.582489517813427,0.41738894474760957,,,,0.8213141080093516,0.9091564415933749,0.5872667708693576,0.13218996078511697,-0.5844300611273385,0.9,0.9,0.8181818181818182,0.9090909090909091,0.11438518429984627,0.11438456624604042,0.4508004952618697,0.11630654606126302
3,0,0.0,0.0,4.0,0.0,0.0,1.0,0.7724783406381673,0.8170187985498324,0.837812840434627,0.8796453011216196,0.7347932614676038,0.8049908901031959,0.8344100897943085,0.8800924748195134,-57.71037496678608,-46.41278451107169,-41.138420929105564,-30.52770809059561,-67.46377536734894,-49.60677416217911,-42.12306431969347,-30.502295636967517,0.4260643764330942,0.21555231342548042,1,0.1,0.10300000000000001,0.970873786407767,0.25599999999999995,0.23399999999999999,1.094017094017094,0.41500000000000004,0.346,1.1994219653179192,0.07337667249316737,1239.9113579927598,-0.4046158797463138,0.2474557091063084,-0.6115818026258838,0.09506593635461313,0.408662849140503,2.0724487737922668,0.46752666353110395,,,,0.8246756275933664,0.9131913157986519,0.5625422414105363,0.12789906917960772,-0.578951101728527,0.9,0.9,0.9090909090909091,0.9090909090909091,0.11458105485734671,0.11458195102751569,0.4302658322909168,0.12152253267900247
3,0,0.0,0.0,4.0,0.0,0.0,1.0,0.75830029364503,0.802684421657028,0.8257703565112628,0.8817312010802619,0.7602276151716747,0.8048401701020973,0.8244820577941588,0.8793579102563327,-61.29638685579812,-50.040325680096345,-44.185604484553494,-29.993623744449366,-60.972523940886475,-49.62784771594548,-44.63304621532268,-30.678481637662514,0.3972287980679282,-0.06886703829595797,1,0.1,0.10600000000000001,0.9433962264150942,0.25200000000000006,0.223,1.1300448430493275,0.42699999999999994,0.312,1.3685897435897434,0.06845075176221238,1236.7186905815422,-0.3068027182102819,0.41283019607927846,-1.3455884566065859,0.13150234394226856,0.4117348514511403,2.0881083643102736,0.48748457098753994,,,,0.8911322454929326,0.9208938781683433,0.6063108323669487,0.12169992322348332,-0.5808911920888156,0.9,0.9,0.8181818181818182,0.9090909090909091,0.1179575190333115,0.11795571635526407,0.42951532344863613,0.11973912290669717
3,0,0.0,0.0,4.0,0.0,0.0,1.0,0.676154500055313,0.7296077684772169,0.8036978470466927,0.8823218279341936,0.6785544009395901,0.724435404317392,0.7962314903617657,0.8805752640041996,-82.1182188122722,-68.56395545752201,-49.77677056588132,-29.839914047836544,-81.70755616506887,-70.0451639240199,-51.795473307473856,-30.3563133307716,0.29121669818728685,-0.04969809536033498,1,0.1,0.1,1.0,0.258,0.24,1.0750000000000002,0.40800000000000003,0.335,1.217910447761194,0.08230110934189494,1230.8475222969946,-0.35440829213685515,0.3785547652762767,-1.0681317950938274,0.10375662053796841,0.42527334482545953,2.0441821198996886,0.46304776404236714,,,,0.9106920861364468,0.9183129162601126,0.6232712871329154,0.12517283131037243,-0.5897774415688264,0.9,0.9,0.9090909090909091,0.9090909090909091,0.11244176565351188,0.11244247897102021,0.42231689032138203,0.12322720052017751
3,0,0.0,0.0,4.0,0.0,0.0,1.0,0.7294446579797604,0.7930513662871647,0.8463699094672539,0.9068692117522617,0.7211980506609231,0.7901422823035289,0.8385907290085598,0.9049044860800063,-68.63972220622904,-52.502739820029234,-38.97585853579878,-23.627223127213995,-70.94486350799878,-53.40108694853208,-41.07273541866991,-24.198318093794455,0.4232175231157866,0.1981358609282351,2,0.1,0.10300000000000001,0.970873786407767,0.25,0.254,0.984251968503937,0.461,0.366,1.2595628415300548,0.04751580550080081,1243.9318501369785,-0.42918521477486654,0.24261068268805452,-0.5652820142355519,0.11917491459051288,0.33684920323516687,1.6071321081602048,0.39186392246233115,,,,0.8429136157482632,0.91318474266482,0.5771082381237855,0.12792753283575328,-0.56921532275707,0.9,0.9,0.8181818181818182,0.9090909090909091,0.1182945823162664,0.11829477161068544,0.43908251905064083,0.113622761838332
3,0,0.0,0.0,4.0,0.0,0.0,1.0,0.8176770156612965,0.8345689480944861,0.8475335720979005,0.8894089843653495,0.8059324619019891,0.8258745354044404,0.8427803840409602,0.8887017131777502,-46.25022385849854,-41.965214706902486,-38.676453475980196,-28.053836702998268,-49.37993224946166,-44.30572845362897,-40.00408342596137,-28.319532038316623,0.47900798126917454,0.15028884402342468,2,0.1,0.10300000000000001,0.970873786407767,0.25,0.246,1.016260162601626,0.41500000000000004,0.34099999999999997,1.2170087976539592,0.05870024326702539,1234.0695837700273,-0.34179224816340603,0.26181254451080194,-0.7659990708321538,0.09668358292037615,0.37822648343352705,1.7499851115976166,0.4401926238558097,,,,0.8258638264673924,0.9139900760301671,0.5958100474447195,0.1238856137673097,-0.543730144504451,0.9,0.9,0.8181818181818182,0.9090909090909091,0.1149041118318783,0.11490112610535519,0.4480258556752362,0.11562336959291203
3,0,0.0,0.0,4.0,0.0,0.0,1.0,0.7727373818901553,0.8096673690642872,0.848887288345859,0.8804347087948509,0.7582314750188668,0.797506962127046,0.8450786147947165,0.8774719028146193,-57.62946566716744,-48.264725237608985,-38.31930169851216,-30.319477535727344,-61.46740312943814,-51.48197512812203,-39.38732404694633,-31.15163127609145,0.5012416994626528,0.1984661101363745,1,0.1,0.101,0.9900990099009901,0.258,0.24699999999999997,1.0445344129554657,0.4149999999999999,0.303,1.3696369636963694,0.0738143929212366,1235.6346284817143,-0.41622857516112627,0.3285528894321618,-0.7893568799426509,0.14536640878052687,0.39252177889965245,1.521523495225582,0.4925727238127455,,,,0.8455073020348554,0.9171156658037678,0.597492170088006,0.12374815738974423,-0.5628178249918271,0.9,0.9,0.8181818181818182,0.9090909090909091,0.11543800945662815,0.11543733410341912,0.43995031367889503,0.1209528440296689
3,0,0.0,0.0,4.0,0.0,0.0,1.0,0.8591517472308098,0.8349511022560779,0.8396121335541136,0.8904743602276974,0.8519927085414609,0.826867835211784,0.8366578952614392,0.88864885729567,-35.71753256288574,-41.85454390618088,-40.67255879886804,-27.77447024102409,-37.61502440566596,-44.00033633301655,-41.51226061680177,-28.299118976820637,0.35738262960057327,0.10874678180928177,1,0.1,0.101,0.9900990099009901,0.255,0.24699999999999997,1.0323886639676114,0.43499999999999994,0.34800000000000003,1.2499999999999998,0.0627793104657981,1243.1273636608905,-0.352940427253803,0.2918040127047775,-0.8267797910692116,0.1160384671205833,0.38904154847398564,2.2435572790925193,0.463112515600246,,,,0.8459680392197109,0.9118506541273533,0.5854020328248561,0.12930013616905275,-0.5636874534445585,0.9,0.9,0.8181818181818182,0.9090909090909091,0.11357649793407741,0.11357582502603046,0.45032909204591964,0.11833992644938647
3,0,0.0,0.0,4.0,0.0,0.0,1.0,0.7836028410576646,0.8370013457954231,0.8505261877634352,0.8792592188481115,0.7881288162417673,0.8361721600277373,0.8493203057830806,0.8775610119823217,-54.878449151915476,-41.33655635922736,-37.90664833336908,-30.619934436256415,-53.84891720621454,-41.63828055450011,-38.2965641415563,-31.118941290761825,0.4556547593372382,0.2310419205322627,1,0.1,0.101,0.9900990099009901,0.251,0.246,1.0203252032520325,0.437,0.31700000000000006,1.3785488958990533,0.05454860365901992,1234.5044736981242,-0.3833388544756673,0.256463649797112,-0.669025972198681,0.10648123243719587,0.3829957912706218,1.81040958045565,0.4478234462315245,,,,0.8424674217415435,0.9141045071453759,0.5564475542929149,0.13260622863004864,-0.5825310581575684,0.9,0.9,0.9090909090909091,0.9090909090909091,0.11527293999661421,0.1152737595021169,0.43838781407913613,0.11768288204090273
3,0,0.0,0.0,4.0,0.0,0.0,1.0,0.7620519647045956,0.7766472145095786,0.815692975456747,0.8694074256535839,0.7519556340722052,0.7702279816877808,0.8110149485372797,0.8658825445421718,-60.34043006807346,-56.63927048888087,-46.73778924755695,-33.11652516893798,-63.07375058767633,-58.42738221786772,-48.05590304852433,-34.103943072278156,0.2614372592413504,0.18111200411310735,2,0.1,0.101,0.9900990099009901,0.24699999999999997,0.22000000000000003,1.1227272727272724,0.41200000000000003,0.336,1.2261904761904763,0.08353040075829665,1232.4898141873487,-0.3722897595636878,0.36756913943611236,-0.987320037668756,0.13292855499747647,0.3800905243471915,1.4648935991473644,0.43855086523947806,,,,0.8504878052798024,0.9164375402535933,0.5779233083130155,0.1262408371635651,-0.6094975950396464,0.9,0.9,0.8181818181818182,0.9090909090909091,0.11906078676236925,0.11905860837764828,0.42402452977112665,0.11885212816624219
3,0,0.0,0.0,4.0,0.0,0.0,1.0,0.7619151417119235,0.8264990351767398,0.8580940111752958,0.8991545497803387,0.7333544116671668,0.8275193923557871,0.855119891687779,0.8987724967022438,-60.39597214035399,-44.01270838110642,-35.997879954365175,-25.58188305523646,-67.81925029108973,-43.86911320498211,-36.84913892354405,-25.746435279189285,0.27801129438294564,-0.23915680947240192,1,0.1,0.10200000000000001,0.9803921568627451,0.25,0.24100000000000002,1.0373443983402488,0.45100000000000007,0.357,1.2633053221288517,0.045356998809386595,1241.8924502710431,-0.26060829018462117,0.3036969840131243,-1.1653389222498565,0.08658231151478901,0.3593079361320556,1.8159293677575759,0.4076329503318369,,,,0.8667172576780289,0.911204172168915,0.6075941094398251,0.13074591857461637,-0.5830634337320146,0.9,0.9,0.8181818181818182,0.9090909090909091,0.12189662082436864,0.12189415832162172,0.4218590860501153,0.11452627398699859
3,0,0.0,0.0,4.0,0.0,0.0,1.0,0.7212322330235328,0.7872415680281065,0.8384334366117497,0.8800240531706622,0.7075231695040894,0.7866865127227936,0.8343909648085873,0.8775501630238548,-70.68146634043154,-53.94482336020525,-40.9651436237599,-30.41985786037847,-74.34499303350188,-54.22237959392015,-42.09633476509754,-31.125652796187012,0.416964452331731,0.14569674092094198,1,0.1,0.101,0.9900990099009901,0.253,0.24,1.0541666666666667,0.41400000000000003,0.34,1.2176470588235295,0.060525577304968214,1246.0015294123777,-0.38521367100647885,0.23517567555281818,-0.6105070854270455,0.13181912713949417,0.42091076213459944,1.7754721844266468,0.5034527268040643,,,,0.881897578144143,0.914896412936025,0.5919761527683479,0.12981879049425615,-0.5532455182335995,0.9,0.9,0.8181818181818182,0.9090909090909091,0.11929750079488373,0.11929829154858577,0.4422945619419575,0.11458343677088582
3,0,0.0,0.0,4.0,0.0,0.0,1.0,0.7438748218783209,0.7954320220354962,0.8261698518236839,0.8844582916097201,0.7358834522826405,0.793861493898767,0.8210231179878915,0.8823414787937249,-64.96751940536959,-51.88976021643688,-44.09294551868658,-29.307771446073616,-67.18691252288278,-52.43825082797332,-45.52877969703786,-29.93039565365399,0.35178284953571765,-0.06125115369890333,1,0.1,0.10200000000000001,0.9803921568627451,0.251,0.246,1.0203252032520325,0.40800000000000003,0.33299999999999996,1.2252252252252254,0.07484545375703322,1244.0682652946723,-0.434101495783793,0.3383816161755958,-0.7794988486842923,0.11188531223692899,0.4096744356463815,1.6912619534234066,0.48310888021058995,,,,0.87225181042776,0.9129392185003491,0.570429070151394,0.1316612988928651,-0.5718408042777816,0.9,0.9,0.8181818181818182,0.9090909090909091,0.11115552881928915,0.11115691343270774,0.44202824241734506,0.11854715081232693
3,0,0.0,0.0,4.0,0.0,0.0,1.0,0.7408487043229787,0.7865215112842769,0.8346489493010185,0.8816801671803887,0.7266971807176452,0.7778321575424186,0.8301718261875277,0.879282378065497,-65.71208674383428,-54.13099298532313,-41.92748702386305,-30.001945764717533,-69.43403261458383,-56.44292019971627,-43.14574943037087,-30.66895292395705,0.41225277477551303,0.21706525134126942,1,0.1,0.098,1.0204081632653061,0.25,0.242,1.0330578512396695,0.4629999999999999,0.32399999999999995,1.4290123456790123,0.04313526710521198,1237.8040623560412,-0.2875614001011767,0.23871615671487162,-0.8301397775601344,0.11190211337315137,0.38409427586306333,1.7578551799913584,0.47068742171495837,,,,0.8651418907138065,0.9165020289685512,0.6062664406524968,0.12586815030928078,-0.5917390752473796,0.9,0.9,0.9090909090909091,0.9090909090909091,0.11273180946772374,0.11273169481183541,0.43300115483331236,0.11398281998064194
3,0,0.0,0.0,4.0,0.0,0.0,1.0,0.8102631616280855,0.8343421271033695,0.8561484086244872,0.899431636558337,0.8045452491695531,0.8264310407613771,0.8551853586440525,0.8966904993762236,-48.12188729838516,-42.01487469711034,-36.48427014629996,-25.506588456146147,-49.69811441382819,-44.13323267037438,-36.821896548059044,-26.26841946906569,0.39598471204480257,-0.025084572053355014,1,0.1,0.10700000000000001,0.9345794392523364,0.25999999999999995,0.242,1.074380165289256,0.41600000000000004,0.33,1.2606060606060607,0.08932565752669908,1235.101022643923,-0.47450097917544837,0.3351288552955284,-0.706276425135918,0.13809441291836078,0.3800048397190079,2.314457349443312,0.4450895850793529,,,,0.8269543234923169,0.9106789773354019,0.5603683653849383,0.13244810993688674,-0.5574436337948363,0.9,0.9,0.8181818181818182,0.9090909090909091,0.115565077499862,0.11556411175927483,0.4312635907370258,0.11850997120926089
3,0,0.0,0.0,4.0,0.0,0.0,1.0,0.7760127088511256,0.8233582635307377,0.8434201969291157,0.8912906899589196,0.7625873727508738,0.8170583617030877,0.8388087090898799,0.8882826470459244,-56.80595255828126,-44.7985332123865,-39.71057830650662,-27.57002809026622,-60.37195699330027,-46.52046037953838,-40.98953705738978,-28.40874685604416,0.38312830371477025,0.11692725980236807,1,0.1,0.101,0.9900990099009901,0.25,0.254,0.984251968503937,0.43500000000000005,0.35500000000000004,1.2253521126760563,0.05372151269721637,1237.8737446588955,-0.4025344169844252,0.2284927205019967,-0.5676352402702438,0.08744770131835089,0.3416226062996234,1.8721847386143915,0.424224894089972,,,,0.8397823488245094,0.9062020359000138,0.574120357032099,0.13628839272246626,-0.5856869980597881,0.9,0.9,0.9090909090909091,0.9090909090909091,0.11593316972607748,0.11593432800016394,0.4220048357318747,0.1190083612365691
3,0,0.0,0.0,4.0,0.0,0.0,1.0,0.8125865532841305,0.8343852206961614,0.8621132886505125,0.8866510248407222,0.8078185921504528,0.8285938107806425,0.8577790663375714,0.8860001203385065,-47.53632089564036,-42.007216835318474,-34.97415512501087,-28.75030234373864,-48.86770568088656,-43.58500283862733,-36.16380380206914,-28.987781020501444,0.3439700932494947,0.02533780400275676,1,0.1,0.10400000000000001,0.9615384615384615,0.25,0.251,0.9960159362549801,0.43400000000000005,0.33199999999999996,1.3072289156626509,0.06888532475873699,1233.1161344160946,-0.34567479591353373,0.36305184869805107,-1.050269944438946,0.10507372207907328,0.38073434295675723,2.6010653358843125,0.4044141969387327,,,,0.8278178188497864,0.9116554175476445,0.5640544310849718,0.12978385039120618,-0.5683406401859212,0.9,0.9,0.8181818181818182,0.9090909090909091,0.11620629387122622,0.11620458244388536,0.42632759212999505,0.11997051136409352
3,0,0.0,0.0,4.0,0.0,0.0,1.0,0.7592729369028478,0.8246529049855968,0.8348202953175741,0.8946338046208433,0.7482550314812929,0.8126652743375717,0.8308822522311844,0.8922615660817532,-61.069948625125846,-44.48373168484579,-41.90437065565041,-26.730306330506608,-64.04822404722398,-47.66115704974197,-43.02644641993754,-27.41049958096832,0.36045008367739434,0.1834875045573945,2,0.1,0.099,1.0101010101010102,0.25,0.22599999999999998,1.106194690265487,0.45299999999999996,0.354,1.2796610169491525,0.06156947746023356,1241.934932363761,-0.3980551695015659,0.33028286776962196,-0.8297414355482267,0.12094438479569602,0.3464260744584995,2.0548371482886347,0.4272545361194736,,,,0.8472801894079753,0.9074005177960782,0.5451638730591404,0.1371229793996894,-0.5811970605667774,0.9,0.9,0.8181818181818182,0.9090909090909091,0.11636343358344754,0.11636140854946941,0.42415961604659985,0.11389249340472832
3,0,0.0,0.0,4.0,0.0,0.0,1.0,0.8046215929788274,0.8032071711598896,0.8294978182959395,0.882226528924047,0.773461184044093,0.7989938845518011,0.8246057590657635,0.8792633136094038,-49.551649845096705,-49.9103739015257,-43.242569813301344,-29.869574067951305,-57.596363196407594,-51.10480153788242,-44.59311028346133,-30.696699861965612,0.3525825872092568,-0.09826730523414584,1,0.1,0.10700000000000001,0.9345794392523364,0.253,0.25,1.012,0.403,0.33799999999999997,1.1923076923076925,0.07452912676032841,1239.2117083891476,-0.41748075453822975,0.2519119919600413,-0.6034098320021435,0.11713707832815401,0.3982579823259482,1.9075188056093568,0.45320445232604234,,,,0.8519054922230156,0.9177423432708777,0.6317194973415119,0.12299943600286437,-0.5685948597711127,0.9,0.9,0.8181818181818182,0.9090909090909091,0.11709655674480392,0.1170942702638822,0.43995616585899455,0.12317231443651275
3,0,0.0,0.0,4.0,0.0,0.0,1.0,0.8035474890136483,0.8115932470817794,0.8410167046266028,0.8885240493819497,0.7888659324847962,0.7918295325954345,0.8375264007036333,0.886781908074981,-49.83668736774257,-47.795614298914245,-40.3313795707499,-28.279567779918295,-53.72248249876381,-52.96840260559054,-41.34096026015169,-28.80803194656056,0.15293348058543144,-0.25795724293050126,2,0.1,0.1,1.0,0.25600000000000006,0.24100000000000002,1.0622406639004152,0.39799999999999996,0.32999999999999996,1.206060606060606,0.07744274914092575,1235.8694036180752,-0.33981340049092745,0.2847453133201765,-0.8379460989731592,0.12257369164119669,0.3787913240155376,1.6721283904198418,0.4345795385124712,,,,0.8483278570812749,0.9122006521607164,0.5936209176597145,0.12807546066700015,-0.5961957363809584,0.9,0.9,0.9090909090909091,0.9090909090909091,0.11951271456969172,0.11951327246693096,0.415333026627383,0.12304234643664892
3,0,0.0,0.0,4.0,0.0,0.0,1.0,0.7712902452077575,0.7930077711163909,0.842145927936086,0.8901549167969085,0.7626536675944966,0.795731824378782,0.8392328905833861,0.8879098161925725,-58.00924898985883,-52.500881543870236,-40.03762838509806,-27.860773964924135,-60.373744481647265,-51.959659606695965,-40.894301110955865,-28.51236017638834,0.4145844665318069,-0.06084506717944116,1,0.1,0.10200000000000001,0.9803921568627451,0.26,0.24100000000000002,1.0788381742738589,0.40099999999999997,0.296,1.3547297297297296,0.0771388372209515,1235.6436897271367,-0.29548445037735693,0.2950387438455601,-0.9984916074899115,0.137613953693152,0.4169753261983489,2.05110020623583,0.4913237927684513,,,,0.8577321744857006,0.9102854575040533,0.5747410933895292,0.13045275697391176,-0.5807783517138458,0.9,0.9,0.8181818181818182,0.9090909090909091,0.11702019186139488,0.11702079052997647,0.44370395037282484,0.11982821337813565
3,0,0.0,0.0,4.0,0.0,0.0,1.0,0.7796664514775764,0.827226331156645,0.8495033612861219,0.8918579778829901,0.7806839048249364,0.8225856715006341,0.8437089036830959,0.8906325050991859,-55.891068345302244,-43.826757197666666,-38.17583829835871,-27.431923961075142,-55.792147208284206,-45.13269454571687,-39.75912413585726,-27.822159474601477,0.5622237824566979,0.8161570988920355,1,0.1,0.10300000000000001,0.970873786407767,0.25,0.246,1.016260162601626,0.43100000000000005,0.33999999999999997,1.2676470588235296,0.08324632092535977,1235.8408099820651,-0.3795927121220818,0.32969684937402877,-0.8685542130956247,0.12261884375862064,0.413596050533246,2.331182122201468,0.44528082485517995,,,,0.8383191000294444,0.9101662221280604,0.5733529270438216,0.1316228127843392,-0.5631876097549047,0.9,0.9,0.8181818181818182,0.9090909090909091,0.11435428296035162,0.11435262152044923,0.44310746177392424,0.12133178140306336
3,0,0.0,0.0,4.0,0.0,0.0,1.0,0.7258327360353766,0.7909578708113624,0.8280389589941652,0.8864377982281625,0.7083398389545429,0.7868867920318322,0.8265731967863349,0.8833679056161284,-69.54616183838257,-53.0263078726604,-43.620198176656345,-28.806558262792265,-74.21934012861163,-54.2313410628056,-44.132262867147915,-29.67960057335273,0.29936927806745184,0.3595521417991323,2,0.1,0.101,0.9900990099009901,0.25999999999999995,0.246,1.0569105691056908,0.421,0.34500000000000003,1.2202898550724637,0.07402623801065666,1237.5077826974152,-0.376586191706515,0.35992985684966633,-0.9557701922596528,0.1206326891488334,0.3613906322467688,1.8286901741753676,0.43665097942114506,,,,0.8802016785714565,0.9139915160665968,0.6077637059975902,0.12977312179381162,-0.5948816118938619,0.9,0.9,0.9090909090909091,0.9090909090909091,0.11286351186077703,0.11286274693649209,0.41321799153267347,0.11750052075203848
3,0,0.0,0.0,4.0,0.0,0.0,1.0,0.8222679746291127,0.8282498295118207,0.8574308498945132,0.8975390261515855,0.8107849761971027,0.8180819567661776,0.8505170440767502,0.8954056492037527,-45.07430223123359,-43.557254674250515,-36.15670809633073,-25.984944989584562,-48.075622578642054,-46.22161079484226,-37.98052621018087,-26.57526041894289,0.39049628109681034,0.046989274523340896,1,0.1,0.101,0.9900990099009901,0.25,0.253,0.9881422924901185,0.414,0.31799999999999995,1.3018867924528303,0.05826061542463701,1229.3467785453,-0.36292713985830277,0.34717928760127353,-0.9566087775546969,0.12951675366606907,0.35530800456739975,1.6825802498861284,0.4250647252556481,,,,0.8581223065941338,0.9149663664614721,0.5596712888717306,0.12836708821206025,-0.5669931845658374,0.9,0.9,0.9090909090909091,0.9090909090909091,0.11510286225490654,0.11509628880679736,0.4194704698815085,0.11512618319395732
3,0,0.0,0.0,4.0,0.0,0.0,1.0,0.8029778321031138,0.800995192045739,0.8506062050027654,0.8805977029217894,0.8240092075719752,0.7953950944525207,0.8481507072959732,0.876498170557641,-49.964960303128976,-50.46775921565526,-37.88637144870532,-30.280506489693806,-44.737187988876144,-52.01094896295399,-38.600373689755344,-31.394395607330125,0.35952329178057835,0.029195918766789397,1,0.1,0.10700000000000001,0.9345794392523364,0.251,0.23600000000000004,1.0635593220338981,0.413,0.33799999999999997,1.2218934911242605,0.057475360657254115,1244.943922210244,-0.4065287784929218,0.35999483267323956,-0.885533452287948,0.10804127935790653,0.37588935536733603,1.3702761923112101,0.45335154084474294,,,,0.842745078471057,0.912003465986694,0.5420488273695467,0.13274800058935943,-0.6051906045214973,0.9,0.9,0.8181818181818182,0.9090909090909091,0.11650323154407205,0.11650218864714038,0.4512636075855517,0.11521896698346708
3,0,0.0,0.0,4.0,0.0,0.0,1.0,0.7732460569658369,0.835124911699702,0.8405104830625224,0.8963242786948125,0.783036706334535,0.8277075530814993,0.83446571191382,0.8939221843883741,-57.51748170588081,-41.821543423565146,-40.45546132509392,-26.297961233762095,-55.191763372470746,-43.8282614562994,-42.109101054530555,-26.98438800128406,0.44923794650739307,0.26025494091432844,2,0.1,0.101,0.9900990099009901,0.255,0.251,1.0159362549800797,0.39799999999999996,0.364,1.0934065934065933,0.06485346241501877,1240.0254346069785,-0.4429493631303175,0.26137379705252245,-0.5900760195373059,0.09676952070329115,0.35170757021848276,2.031811111552774,0.40421924175463997,,,,0.8213739727009572,0.9076643010275335,0.5440235330853544,0.13809838506079744,-0.5626470342967895,0.9,0.9,0.8181818181818182,0.9090909090909091,0.11375186794151886,0.11375303138137223,0.42934407452820694,0.11597155119164847
3,0,0.0,0.0,4.0,0.0,0.0,1.0,0.7559197562001195,0.8069402284274957,0.8347898796052342,0.8751298322061303,0.7536316813303701,0.8056986480692716,0.8319959180667407,0.8712329765128697,-61.89411366857823,-48.95629101524267,-41.89414846412953,-31.664702717950945,-62.61653111959083,-49.3832840011535,-42.69961690447258,-32.72719632499121,0.4465811917153767,0.5340701407631188,2,0.1,0.096,1.0416666666666667,0.253,0.23500000000000001,1.076595744680851,0.42200000000000004,0.335,1.2597014925373136,0.07665885426390595,1241.924767104831,-0.38987152395195235,0.3957004742118867,-1.0149509515361597,0.10767574558559967,0.3887958123536799,1.655189011516725,0.45537321094712135,,,,0.8694785289215881,0.9184002414912444,0.5831625324954517,0.12641527685912715,-0.571399119489898,0.9,0.9,0.8181818181818182,0.9090909090909091,0.1205454487294746,0.12054625503430398,0.45009384229410676,0.11836799889387678
3,0,0.0,0.0,4.0,0.0,0.0,1.0,0.786999299642629,0.7917216014427318,0.8338619729784087,0.8899717740579609,0.8112395147275976,0.7969919673652356,0.8302211607661053,0.8891054950105547,-54.03998667248021,-52.84190081683363,-42.150550448780535,-27.91504372299437,-48.02181708350946,-51.646479906009716,-43.19277072515911,-28.21223746317662,0.5300005434745781,0.4621974997080618,2,0.1,0.10200000000000001,0.9803921568627451,0.256,0.24799999999999994,1.0322580645161292,0.404,0.32,1.2625,0.07011413219365181,1237.2446301196035,-0.48025711075137134,0.2963819592807473,-0.6171318500980696,0.11274268458291781,0.41666825497943594,1.6855995723380228,0.47506396866445477,,,,0.8306235938054998,0.9114015497609326,0.5560075836807798,0.13206547798493418,-0.5535829133010555,0.9,0.9,0.8181818181818182,0.9090909090909091,0.11356176368630362,0.11356271417766473,0.44792796420025816,0.11668772571802152
3,0,0.0,0.0,4.0,0.0,0.0,1.0,0.8324131255438191,0.8256258554308702,0.8551933608699008,0.8935369433762741,0.8234987636981912,0.8204131951041067,0.8531448058574147,0.8930439931033747,-42.52012240978459,-44.24218779806367,-36.74032373681655,-27.011794416777462,-44.93202837561384,-45.7175234720178,-37.38501717369161,-27.227856515429238,0.5015019643779001,0.34963307830684975,1,0.099,0.10200000000000001,0.9705882352941176,0.258,0.238,1.0840336134453783,0.413,0.348,1.1867816091954022,0.10595140264578673,1244.4165451901292,-0.4545142718414983,0.295384562987793,-0.6498906223362811,0.1529035815971077,0.39012361861886224,1.9100788231004693,0.4865773473877534,,,,0.8220403708964316,0.912526005554566,0.5709539831213825,0.13019510174041904,-0.5742137334226888,0.9,0.9,0.8181818181818182,0.9090909090909091,0.12134993480097916,0.12135147454460189,0.43999535069191853,0.13121612080224615
3,0,0.0,0.0,4.0,0.0,0.0,1.0,0.8184640865013032,0.8281557037523571,0.853657047747449,0.8966580470691179,0.8158061617055558,0.8168791072635134,0.8450236252379199,0.8941288504701969,-46.05102980906909,-43.59251377042543,-37.123473403392325,-26.21521694098081,-46.859084105125476,-46.58612575534514,-39.42613415588289,-26.933719097556803,0.45355336219443937,0.12041678362147357,1,0.1,0.1,1.0,0.251,0.24100000000000002,1.0414937759336098,0.41400000000000003,0.34199999999999997,1.210526315789474,0.06873128800351436,1243.2581613510472,-0.38507912140156336,0.33204867468446675,-0.8622868813970413,0.12691953304315962,0.3841378093562211,1.8802915980776866,0.4677934759507135,,,,0.8339696807737228,0.9170400598971077,0.5672617161573926,0.12407241855307172,-0.5860017016612911,0.9,0.9,0.8181818181818182,0.9090909090909091,0.12119459823077201,0.12119333219388004,0.44104346241206044,0.11601436337480449
3,0,0.0,0.0,4.0,0.0,0.0,1.0,0.7066861508405902,0.8064184731141703,0.8361661118181197,0.8809021923096725,0.7005653254356321,0.8033652828971782,0.834773656506752,0.8793086632738553,-74.39905276338297,-49.101950944593,-41.556462902129766,-30.209156859621316,-76.16392526554799,-50.01582371787765,-42.02681902497676,-30.69893613350763,0.25671306847263436,-0.2229878417667348,1,0.1,0.101,0.9900990099009901,0.25,0.227,1.1013215859030836,0.42699999999999994,0.339,1.2595870206489672,0.07181351095983579,1237.3245234184435,-0.4571922800133803,0.2744830866845741,-0.6003668449444094,0.11772142422325083,0.3799648576084307,1.732986238519011,0.43344796463943136,,,,0.8650764914587536,0.9104640309198345,0.5962918571893946,0.13195533529314496,-0.5883854156143792,0.9,0.9,0.9090909090909091,0.9090909090909091,0.11618690125445404,0.11618643884820017,0.41835904965857834,0.11690221534547535
3,0,0.0,0.0,4.0,0.0,0.0,1.0,0.7661254330264367,0.7830418434171963,0.8335488979977426,0.894074637214953,0.7766309552044218,0.7840537786068853,0.8301988878173732,0.8946665214221537,-59.303557354572206,-55.01406437197144,-42.20699412535282,-26.859486726220126,-56.74121272138842,-54.855633624885,-43.13364475144812,-26.757285550194098,0.41078709291658533,0.3924420735516789,2,0.1,0.10200000000000001,0.9803921568627451,0.25,0.258,0.9689922480620154,0.462,0.382,1.2094240837696335,0.029780023040979375,1233.502601323557,-0.3922646457593755,0.23093960417188958,-0.5887341790000454,0.06440163364905815,0.3582995655066128,2.054189211770604,0.4297064378826745,,,,0.8512271969192077,0.9117182570201894,0.62159762583787,0.12811381178296116,-0.5919932538579378,0.9,0.9,0.8181818181818182,0.9090909090909091,0.11448058973305121,0.11448253230465419,0.43540839819741534,0.10862282413608089
3,0,0.0,0.0,4.0,0.0,0.0,1.0,0.7957202560154717,0.7917564180964941,0.831056477649793,0.8878272671250459,0.7919636654712537,0.7917694324660713,0.8302135045983612,0.8870649573124187,-51.815195290854064,-52.82061575921273,-42.85222525226848,-28.452415040547322,-52.89473445608249,-52.94411959476511,-43.169437727511934,-28.71454694333943,0.32296305962914507,0.11124821219268322,1,0.1,0.101,0.9900990099009901,0.251,0.242,1.037190082644628,0.43600000000000005,0.357,1.2212885154061626,0.05286015352469886,1245.339866236578,-0.37388233647524033,0.25589900416738454,-0.6844372659587543,0.06263516100879885,0.4079414103108068,1.3425765000356806,0.46090537090596584,,,,0.8507785681643368,0.9139855905274629,0.5845043492570725,0.12746774835323116,-0.598531750224242,0.9,0.9,0.8181818181818182,0.9090909090909091,0.1132170505909922,0.11322089547454395,0.4540938294480003,0.11781079976689673
3,0,0.0,0.0,4.0,0.0,0.0,1.0,0.7370113707270608,0.7807879812723915,0.8322919889253614,0.8780759725097624,0.7360250211996977,0.7801515841080483,0.8328493051041359,0.8755434485173703,-66.70945676435699,-55.60512150645113,-42.54066171890989,-30.92713803970227,-67.1469595696392,-55.92254523681089,-42.51789697348704,-31.657845257003885,0.3789876326496303,-0.08439651145442184,2,0.1,0.099,1.0101010101010102,0.251,0.22999999999999998,1.091304347826087,0.42799999999999994,0.32599999999999996,1.312883435582822,0.05397196187078657,1234.216912701287,-0.3342373612876966,0.3006831419624047,-0.8996096091830682,0.08834781787378732,0.37947001303674865,2.737618076069749,0.4153831322672762,,,,0.8987052637204022,0.9197544962282382,0.6140862840642194,0.12602155292864342,-0.5878826496678434,0.9,0.9,0.8181818181818182,0.9090909090909091,0.11419841247312547,0.11419425592477728,0.4472722360518346,0.11341625888728742
3,0,0.0,0.0,4.0,0.0,0.0,1.0,0.7451851825188334,0.8195113359381152,0.8343009531442755,0.8808882484077103,0.7405411701652147,0.8218101716418403,0.8347458658854543,0.8811760475432928,-64.63276802302289,-45.78023393776661,-42.028906179498705,-30.212223471067915,-65.9873156311121,-45.31843627603979,-42.02854346528267,-30.220107214272872,0.5030481699720413,0.17764479088365492,2,0.101,0.1,1.01,0.256,0.23000000000000004,1.1130434782608694,0.43,0.3410000000000001,1.2609970674486801,0.045885995662834134,1242.265437762201,-0.3239990261532582,0.3610549970191782,-1.114370624214135,0.09154656071599032,0.36069684580777495,1.535617856997881,0.41683763873647506,,,,0.8499240081950427,0.912408352736755,0.5922636727840033,0.12959459041587892,-0.5720714646602606,0.9,0.9,0.8181818181818182,0.9090909090909091,0.1140422613265233,0.11404171433568325,0.45207844121695107,0.11258346933695829
3,0,0.0,0.0,4.0,0.0,0.0,1.0,0.7309795476419583,0.7957331619555313,0.8288020222689286,0.8845198473445336,0.7189428690755763,0.7936088431070629,0.8265993193659699,0.8838532202537623,-68.22062355510556,-51.79982020280343,-43.41392146885087,-29.2844947413501,-71.45339178145585,-52.47099813903856,-44.08380149531288,-29.52809391480625,0.4005947807978038,0.2850850472419215,1,0.1,0.099,1.0101010101010102,0.253,0.24099999999999996,1.0497925311203322,0.41800000000000004,0.327,1.2782874617737003,0.08111966279479643,1239.0005601060968,-0.3251996020420026,0.33747594472533765,-1.0377501774487088,0.09881162030211665,0.4122993560854994,1.5963034666796743,0.4671581945160852,,,,0.870004670997844,0.9138546511104119,0.5929682277070499,0.12759938473593024,-0.5792859354057228,0.9,0.9,0.8181818181818182,0.9090909090909091,0.11694116019647097,0.11694235056956355,0.4497622374983754,0.11954117464559477
3,0,0.0,0.0,4.0,0.0,0.0,1.0,0.7440387540473151,0.7944200631931159,0.8255840623439442,0.8720679361810947,0.7298134430118978,0.7926631658142977,0.8243445912287558,0.871121323567016,-64.90852264270492,-52.1324622149329,-44.22966764542724,-32.441947335466494,-68.65416365792018,-52.68410503164702,-44.63388303108991,-32.74795697639337,0.37921522170321253,-0.01017557088075538,1,0.1,0.097,1.0309278350515465,0.266,0.22799999999999998,1.1666666666666667,0.4,0.324,1.2345679012345678,0.07834245201008394,1241.7916491447047,-0.4391344059942225,0.3534629552352222,-0.8049083615640733,0.102292481256549,0.4312686930902804,1.4265905608468585,0.48490886519895826,,,,0.8786123911409404,0.9197499162570498,0.5961318031687848,0.12221109587632364,-0.5783470583484704,0.9,0.9,0.8181818181818182,0.9090909090909091,0.11467672206860377,0.1146772421044676,0.44499438001231223,0.11837304771614339
3,0,0.0,0.0,4.0,0.0,0.0,1.0,0.7060735857804586,0.7774120409448884,0.8208013714698683,0.8840949866342567,0.70297583163316,0.7779506507789953,0.817112688480082,0.882283138850917,-74.5482968176764,-56.454787446517486,-45.44998987061652,-29.396886162780703,-75.55985300941052,-56.48704036518899,-46.52462609932866,-29.945942695708624,0.35100545754794094,0.05449302253075938,2,0.1,0.10200000000000001,0.9803921568627451,0.255,0.24500000000000002,1.040816326530612,0.421,0.304,1.3848684210526316,0.06812909953306079,1242.5497187533945,-0.4095654941214,0.3534148772375551,-0.8629019834683603,0.1619444801048655,0.40118941469415037,1.5614784177633994,0.5084293973251809,,,,0.8470667192850594,0.9129911713025587,0.5944736077335411,0.1249781173141565,-0.5762446731503644,0.9,0.9,0.8181818181818182,0.9090909090909091,0.11422674700487463,0.11422719109718774,0.44320762196733243,0.11904676178203243
3,0,0.0,0.0,4.0,0.0,0.0,1.0,0.7925921018793951,0.7886061379681043,0.844071051994318,0.8886601422574222,0.8047430868493756,0.7817243903985418,0.8444157383492421,0.887781363647329,-52.60955864634366,-53.62060887178555,-39.551787608384416,-28.241647635702037,-49.647695055159744,-55.50062596304872,-39.560186900323885,-28.53367159832854,0.5462810383672463,0.9161621136370495,2,0.1,0.101,0.9900990099009901,0.255,0.23200000000000004,1.0991379310344827,0.44400000000000006,0.352,1.2613636363636367,0.049344152377169936,1234.4917172009375,-0.30787051231621676,0.31240418858124136,-1.0147259191239726,0.10254235900471209,0.3888518805367166,1.683671866597846,0.43847973365460335,,,,0.8275794819105368,0.9114591562197703,0.5617874992977823,0.13193575755903178,-0.5842049179148346,0.9,0.9,0.8181818181818182,0.9090909090909091,0.11873897821226122,0.1187414863204268,0.43046058136896825,0.11525048274498365
3,0,0.0,0.0,4.0,0.0,0.0,1.0,0.745747016738877,0.7856854532414147,0.8287024457431177,0.8895795499871196,0.7479004166037058,0.7828386926020764,0.8294412721979976,0.8887086010202127,-64.49196438078081,-54.36147076253906,-43.45009299774432,-28.0084490565321,-64.15715614578937,-55.26566811358384,-43.405716043643054,-28.322695205749085,0.28484567159779395,-0.04551133126022355,2,0.1,0.099,1.0101010101010102,0.257,0.22400000000000003,1.1473214285714284,0.41,0.33799999999999997,1.21301775147929,0.06101448710462032,1240.466543960688,-0.25255167688624025,0.35445601899895346,-1.4034989724444205,0.08402379334490517,0.40957816199471686,1.720663166231072,0.4608003686018004,,,,0.8469564093670847,0.9178492001045737,0.6044493399897163,0.12263554921323078,-0.6030328572153716,0.9,0.9,0.8181818181818182,0.9090909090909091,0.11276086469827103,0.11276202043349905,0.4332134149088578,0.11290469150149623
3,0,0.0,0.0,4.0,0.0,0.0,1.0,0.7794895271701539,0.8396966489091785,0.8459284828038975,0.8751440425755762,0.769507966483271,0.829088476029865,0.8434562254380891,0.8738551502275479,-55.922946104504064,-40.65401315583247,-39.073577965819936,-31.66431457094609,-58.61991922825047,-43.4670976581902,-39.813017745095465,-32.08180687157778,0.32639717577421407,-0.17100943385343692,1,0.1,0.097,1.0309278350515465,0.25599999999999995,0.22600000000000003,1.132743362831858,0.39699999999999996,0.33499999999999996,1.1850746268656716,0.08452878598569913,1237.0482810016697,-0.44081297825564536,0.3768114722062109,-0.8548102955074127,0.12630566459914083,0.4151177551751122,1.6520164217901758,0.4629734460931981,,,,0.8379569298787815,0.9165458376230898,0.5755442100492357,0.12870274720023944,-0.5620840615351723,0.9,0.9,0.8181818181818182,0.9090909090909091,0.11752450403635936,0.1175246389052558,0.4427919476135123,0.12080471560130981
3,0,0.0,0.0,4.0,0.0,0.0,1.0,0.75638088030635,0.8196338946405953,0.8563134467596578,0.8992636526848679,0.7675389588488163,0.8204250680697475,0.8521977045892696,0.8977835574167259,-61.809582304261426,-45.76140677353328,-36.45529074110706,-25.558222023932643,-59.16702446266524,-45.70621527711674,-37.619301646839546,-26.016586387384848,0.5570106516958225,0.5147398380263515,1,0.1,0.10400000000000001,0.9615384615384615,0.256,0.236,1.0847457627118644,0.43199999999999994,0.3410000000000001,1.266862170087976,0.04147256107844499,1235.4120359465987,-0.3472091699203993,0.24411614688408048,-0.7030809322808099,0.11547242219899634,0.4114889931408805,1.8275068102104974,0.49720274269181586,,,,0.8397928270499883,0.9146517930394168,0.5612872391603615,0.128997703709012,-0.581529997356301,0.9,0.9,0.8181818181818182,0.9090909090909091,0.11836349426943275,0.11836039519176486,0.44343610727873073,0.11573934687862121
3,0,0.0,0.0,4.0,0.0,0.0,1.0,0.7757872867541096,0.8365601068270575,0.8479430731051448,0.8813250057361743,0.7872113488011675,0.8391115353368719,0.8491481042564288,0.8810293632069027,-56.86443460556961,-41.451338698540184,-38.56441078010485,-30.098143646434636,-54.08402546463978,-40.892668715102786,-38.34169597306632,-30.238506206094087,0.3723911275234812,0.16585491115236684,1,0.1,0.10200000000000001,0.9803921568627451,0.252,0.24500000000000002,1.0285714285714285,0.44400000000000006,0.374,1.1871657754010696,0.05239103122623612,1240.1478636078875,-0.32521173132252007,0.28070435697840806,-0.8631433922659666,0.06447209400507325,0.3805182020415119,1.8958336810355751,0.39359998389216333,,,,0.8465271933876056,0.9129581276242348,0.5707507423610961,0.13036005104292395,-0.6001219358767778,0.9,0.9,0.8181818181818182,0.9090909090909091,0.11267023573511636,0.11267276941512053,0.4367025982679288,0.11622920806739642
3,0,0.0,0.0,4.0,0.0,0.0,1.0,0.733166201724205,0.7783889607062189,0.8113986751159091,0.8841830109297315,0.7198407602598658,0.771476008708182,0.8086778530696695,0.8810967567180186,-67.6709706577364,-56.202153679121494,-47.83065265611543,-29.37202153432176,-71.24414852846616,-58.1133686435395,-48.65298558538612,-30.236947861349762,0.42320649672591626,0.39693873437471217,1,0.1,0.095,1.0526315789473684,0.254,0.24300000000000002,1.045267489711934,0.44800000000000006,0.325,1.3784615384615386,0.06269493265296178,1245.5836761116352,-0.32562499179252086,0.34606941426843285,-1.0627851761726526,0.12377697899068107,0.4062771748033833,2.1791202391073696,0.47881001057692263,,,,0.8338441127097908,0.9129468312960082,0.5960692831787455,0.12843841928439273,-0.5906342183166284,0.9,0.9,0.8181818181818182,0.9090909090909091,0.11761054830321649,0.11761390740156785,0.4508720180612065,0.11837446289892048
3,0,0.0,0.0,4.0,0.0,0.0,1.0,0.7878038252053944,0.8279334598939473,0.8483998724534128,0.8930084469214306,0.791694252859459,0.823390695537608,0.8452060647528326,0.8912250150890795,-53.824051167407276,-43.645076391369315,-38.45372344695261,-27.138655222957823,-52.986476258088544,-44.92389118549099,-39.37474259573054,-27.668958896116322,0.432534128244154,0.08216145539450226,1,0.1,0.099,1.0101010101010102,0.248,0.233,1.0643776824034334,0.437,0.319,1.3699059561128526,0.08271505609825824,1239.1175516193916,-0.4792627404778884,0.4413155177632325,-0.9208216714764484,0.14990540629780236,0.3785787799059561,2.204463286401759,0.47454934641685576,,,,0.843667688191392,0.9067726111319374,0.5618392660320731,0.13564461719748497,-0.5712497920262551,0.9,0.9,0.8181818181818182,0.9090909090909091,0.11353582354083847,0.11353764721815625,0.4336294235745398,0.1184523370795604
3,0,0.0,0.0,4.0,0.0,0.0,1.0,0.7564443511185431,0.7904397004942503,0.8355120252758532,0.8874957106297773,0.7532552591344059,0.7854636519244735,0.8307742221834685,0.8845718738299608,-61.77928115116947,-53.15616665327394,-41.72331408915724,-28.53735544889136,-62.75975443595598,-54.56751975978696,-43.042734052777064,-29.35925129760014,0.43733782309530184,0.20902861062245526,1,0.1,0.1,1.0,0.262,0.24199999999999994,1.082644628099174,0.393,0.331,1.1873111782477341,0.08702812105650826,1240.499614556694,-0.3442227898219665,0.31921592263427834,-0.9273526683093184,0.14589520232705722,0.37351868378990993,1.6610127195335787,0.44133468573316803,,,,0.8325785242581821,0.9103708091404396,0.5688771518652795,0.13341053259427976,-0.5757714590215958,0.9,0.9,0.8181818181818182,0.9090909090909091,0.11565369003446661,0.11565344779143745,0.425969149168808,0.12314466419938461
3,0,0.0,0.0,4.0,0.0,0.0,1.0,0.7327843336051175,0.8111344113629553,0.8398853980911901,0.9004055129061701,0.7276737425820183,0.8066125316069302,0.8338241911282744,0.8987598176190092,-67.7588351168873,-47.891324832728685,-40.60083398894935,-25.25453137006275,-69.2408950399892,-49.17014439963293,-42.25138570685877,-25.74103910704528,0.44114387238895275,0.32270533646368493,2,0.1,0.10200000000000001,0.9803921568627451,0.253,0.244,1.0368852459016393,0.42000000000000004,0.379,1.108179419525066,0.05793433739419329,1241.3620952130825,-0.3361674741121302,0.27350619197474396,-0.8136009966375114,0.10302491095324051,0.3373091235529361,1.7918004827440315,0.41088279960344587,,,,0.842738389928205,0.9126423124667408,0.6113656773147516,0.12623015574476548,-0.5739452255564265,0.9,0.9,0.8181818181818182,0.9090909090909091,0.11421626259754722,0.11421470546346076,0.43263137602939644,0.11981072123059879
3,0,0.0,0.0,4.0,0.0,0.0,1.0,0.7123507715203296,0.7774792389415655,0.8172385682758472,0.8775333020799135,0.7011863285336243,0.7736852459755997,0.8130986990203837,0.8742524390894532,-72.94737562431035,-56.43090241169986,-46.348001279484606,-31.05735503572498,-75.9715554660215,-57.539147401689235,-47.518517089142875,-31.970551252061824,0.22386726368227255,-0.2297870796435002,1,0.1,0.10300000000000001,0.970873786407767,0.25199999999999995,0.24099999999999996,1.0456431535269708,0.42200000000000004,0.334,1.2634730538922156,0.05123521033252065,1240.0432098379495,-0.4748718363183904,0.296138321387968,-0.6236173610207832,0.09917756206698247,0.4027902193367421,1.5718021704377867,0.49203984150440616,,,,0.8730634734996934,0.9177722304803276,0.587348412893966,0.12641999421790132,-0.6006563254440207,0.9,0.9,0.8181818181818182,0.9090909090909091,0.11914776489876183,0.1191455812355221,0.44425951732417734,0.11534805764381241
3,0,0.0,0.0,4.0,0.0,0.0,1.0,0.7474934452057731,0.8245026376703462,0.8539302746319137,0.8990021815952663,0.7433101595327823,0.8250356644852774,0.8506903538786565,0.8971535250072593,-64.05450339096086,-44.5192260438956,-37.05418153018465,-25.620582827078238,-65.31750134434427,-44.52156423251475,-37.99345152696034,-26.170395978166255,0.5355531760353643,0.5232609085915199,1,0.1,0.10200000000000001,0.9803921568627451,0.253,0.25,1.012,0.43100000000000005,0.33899999999999997,1.2713864306784664,0.06340972084082319,1230.6900780408687,-0.4845908158642591,0.23833608992244043,-0.4918295644901405,0.07975869823941517,0.3517800557182872,1.8587898869415647,0.3997841184668387,,,,0.826351041473883,0.9100051998372142,0.5806755424040424,0.1308824932971487,-0.5794991052427787,0.9,0.9,0.9090909090909091,0.9090909090909091,0.11381820105504577,0.11381923839602352,0.42028419219916463,0.11885970117106652
3,0,0.0,0.0,4.0,0.0,0.0,1.0,0.7290731733173687,0.7982190418372546,0.8289350153157591,0.893900402254033,0.7289966145710027,0.7898940588169983,0.8248328791272578,0.890758339627433,-68.73234099258119,-51.1904922523521,-43.39805327946024,-26.91676502007695,-68.97369984136222,-53.47455013930113,-44.58218999008628,-27.80334821567601,0.4144165471800885,0.12679211474156338,1,0.1,0.098,1.0204081632653061,0.25,0.248,1.0080645161290323,0.433,0.335,1.2925373134328357,0.06685719160984838,1244.513949823881,-0.38478182527224253,0.259299353538198,-0.6738866976233542,0.11733737540587386,0.4023636838538497,1.7677563057868235,0.495039860323103,,,,0.8570793251634108,0.9161252478521469,0.576151122689759,0.12518580938314375,-0.5785022508453032,0.9,0.9,0.9090909090909091,0.9090909090909091,0.11590896039374271,0.11590720623970667,0.42302042996769623,0.12028760644656246
3,0,0.0,0.0,4.0,0.0,0.0,1.0,0.7850440259994104,0.786621882366186,0.8267956443830827,0.8809061904651723,0.780062392130946,0.7843895418430104,0.8244954743989716,0.8806868540572513,-54.508617623375414,-54.10850420591373,-43.92122635772748,-30.199853506873097,-55.88896245873377,-54.78937830778278,-44.597947289186095,-30.318998187876332,0.24606089150105295,-0.3492600880725676,1,0.1,0.101,0.9900990099009901,0.251,0.24299999999999997,1.0329218106995885,0.44399999999999995,0.35,1.2685714285714285,0.041507426325926744,1240.006141202281,-0.37076236527218187,0.25512233182447974,-0.6881020182218086,0.07215714369861814,0.37911794153217293,1.676798233069209,0.4173094327263319,,,,0.8346850952550829,0.9141279154123747,0.574494565522034,0.12982328029575188,-0.6069374065769307,0.9,0.9,0.8181818181818182,0.9090909090909091,0.11673269596561395,0.11673705055171894,0.42633344101666865,0.11260554274591263
3,0,0.0,0.0,4.0,0.0,0.0,1.0,0.7562505807475601,0.8206193914933253,0.8509697865659841,0.9034457634067946,0.7295835475811617,0.8196187662153795,0.8512328867749944,0.9025931000534733,-61.832472096877865,-45.50388880608139,-37.80483474386085,-24.49313380230734,-68.80634380747085,-45.89725616611835,-37.853174421319295,-24.784781351098474,0.4277519666412724,0.35748186832433415,1,0.1,0.10400000000000001,0.9615384615384615,0.255,0.253,1.007905138339921,0.418,0.355,1.1774647887323944,0.08835412207860427,1240.981160610396,-0.5937201650704105,0.2771383781455916,-0.46678282876365706,0.12854632898474438,0.36735778310577194,1.8505093848990313,0.4186008217176934,,,,0.8407438023230166,0.9134127632341524,0.5972849527868953,0.12527904386521263,-0.5688935562189599,0.9,0.9,0.8181818181818182,0.9090909090909091,0.11972530558226256,0.11972576909967536,0.4323137707386904,0.11879839324416701
3,0,0.0,0.0,4.0,0.0,0.0,1.0,0.7320580466185075,0.7959189085751955,0.8493649035616203,0.8818584399522668,0.7377251236610668,0.788801095037472,0.8416546317234666,0.8781247615097784,-67.95054621387521,-51.7553203566259,-38.201322908899414,-29.960905466614065,-66.65015375179468,-53.67056000351488,-40.239245515369475,-30.97133624576645,0.4059658847880086,0.3068014018309695,2,0.1,0.10700000000000001,0.9345794392523364,0.255,0.229,1.1135371179039302,0.41400000000000003,0.33999999999999997,1.2176470588235295,0.04985223816471962,1238.0247656710108,-0.3517837732360768,0.30811551542337495,-0.8758661964109506,0.0774049628743978,0.3551230929992013,1.6277524265963588,0.4315683938760987,,,,0.8744812562973874,0.9126580182425469,0.5924828121606506,0.12979242536754404,-0.5851268364525333,0.9,0.9,0.8181818181818182,0.9090909090909091,0.11671703291235183,0.11672076458056675,0.43987987808979456,0.11754819024758327
3,0,0.0,0.0,4.0,0.0,0.0,1.0,0.7793130705174133,0.7914523089587774,0.8416812160338253,0.8875815389432538,0.7708720040366613,0.7859236292231946,0.8352121239747117,0.8850142035219262,-55.97021259958092,-52.89148130383481,-40.15251840183453,-28.511363043638113,-58.256164729216664,-54.42926460458324,-41.89758484442447,-29.23532531667871,0.424523465219599,0.039113264669384584,1,0.1,0.10500000000000001,0.9523809523809523,0.251,0.24400000000000005,1.0286885245901638,0.43500000000000005,0.345,1.2608695652173916,0.06954731658565716,1241.9164144160447,-0.5182448367514808,0.16625021419015082,-0.3207947333006898,0.09974951969534351,0.4107753986087497,2.0218407583287923,0.45574782577488715,,,,0.8453787726974517,0.9075096831123822,0.5800871240624379,0.13483956236562397,-0.5650318578579715,0.9,0.9,0.8181818181818182,0.9090909090909091,0.11671447824994419,0.11671349905545898,0.4455602715471579,0.12483701679606062
3,0,0.0,0.0,4.0,0.0,0.0,1.0,0.760887556081676,0.7885774754349978,0.8202598605000929,0.8791856471547609,0.7402800006709412,0.781718085574857,0.8149862737227775,0.8742874618273548,-60.61433878767127,-53.59502132689181,-45.563624924147064,-30.62610207052211,-65.96922113474767,-55.443893114230406,-46.99372960602108,-31.93114989814248,0.4435007901408858,0.15071267572737712,2,0.1,0.101,0.9900990099009901,0.255,0.236,1.0805084745762712,0.43200000000000005,0.31500000000000006,1.3714285714285714,0.07425644936032616,1241.6595293713542,-0.4164779669280805,0.3790228635555474,-0.9100670231157726,0.11906059434154259,0.4135034518028329,1.57728541926264,0.49920509013416225,,,,0.8431096242726962,0.9126966575367816,0.592398990578275,0.13006762093837015,-0.5670717063655099,0.9,0.9,0.8181818181818182,0.9090909090909091,0.11278495267196863,0.11278430455026212,0.4644634700640414,0.11638400785934355
3,0,0.0,0.0,4.0,0.0,0.0,1.0,0.745751555929925,0.7880830132484039,0.8196399177041973,0.8786523763174763,0.7320971901926507,0.7881287805843533,0.8172526085946091,0.8760703609764293,-64.48507515904913,-53.74854059830341,-45.74475767226943,-30.777417978545543,-68.11232518151354,-53.86670413729439,-46.46218439600648,-31.508202093405117,0.1885556678547694,-0.050793751999842485,1,0.1,0.1,1.0,0.255,0.22699999999999995,1.1233480176211457,0.42400000000000004,0.322,1.3167701863354038,0.0756368842950611,1235.5757344317137,-0.4249213709452797,0.27297729984689034,-0.6424183825812886,0.12402919659783729,0.41887762780852955,2.2285607692015295,0.4935891265204835,,,,0.8542082739073321,0.9145117939589629,0.601677465575364,0.12834563084123451,-0.5979387658294653,0.9,0.9,0.9090909090909091,0.9090909090909091,0.11059340001897279,0.11059373320342926,0.42342123586455005,0.1185795661897804
3,0,0.0,0.0,4.0,0.0,0.0,1.0,0.7447574905188338,0.7841544743301111,0.8316244859765471,0.8932013639351248,0.7424432056712429,0.768274798127793,0.8268660643011894,0.8891427013704629,-64.75804804530927,-54.76256658856852,-42.71886234369185,-27.09607901724931,-65.57486870157163,-58.99805410770537,-44.08051098331373,-28.22465942390849,0.3853007715273636,0.12969132080386458,1,0.1,0.10600000000000001,0.9433962264150942,0.255,0.22200000000000003,1.1486486486486485,0.41800000000000004,0.35,1.1942857142857144,0.07036197289956692,1234.1823100314778,-0.35948967884945054,0.35070636751025286,-0.9755672781279597,0.106819856102497,0.4005947398847588,2.0770200318522094,0.45593310899473827,,,,0.8570377369367769,0.9161234971155917,0.5981535165353825,0.12487918119944207,-0.5804472860117672,0.9,0.9,0.9090909090909091,0.9090909090909091,0.11276456902598035,0.11276479025001437,0.43405572049085883,0.11790411401314821
3,0,0.0,0.0,4.0,0.0,0.0,1.0,0.8339833580249947,0.8324410698580349,0.8704837368142743,0.9068423874833312,0.8317410422098322,0.8337192538622952,0.8702659658799071,0.9067341892327387,-42.11049898216868,-42.501703884956356,-32.85209485129761,-23.629640380601472,-42.77760897215063,-42.27467488980156,-32.983157954002735,-23.711595720496234,0.528017350018265,0.3897056819979152,1,0.1,0.099,1.0101010101010102,0.252,0.251,1.00398406374502,0.41400000000000003,0.32799999999999996,1.2621951219512197,0.056684327632544274,1234.0563257991612,-0.45843424911307,0.2587646214644036,-0.5644530747103516,0.12870719971316114,0.32355622945282214,1.702566221339526,0.4010880704168669,,,,0.802354103112343,0.9101908525624889,0.56206759745421,0.13003659598522962,-0.5758089609030135,0.9,0.9,0.8181818181818182,0.9090909090909091,0.11384566386873177,0.11384483322130264,0.43791055185586175,0.11764907545687081
3,0,0.0,0.0,4.0,0.0,0.0,1.0,0.6915664351378502,0.7810023221825746,0.8222545928516658,0.8918108094694513,0.6708889486363212,0.7778184908251662,0.8212058672420006,0.8887662858541716,-78.23370919022418,-55.5484311422469,-45.08485481778135,-27.442025232485918,-83.685266784258,-56.495577382719944,-45.46317918318465,-28.284139973808408,0.36567106127966553,-0.09648693817987342,2,0.1,0.10300000000000001,0.970873786407767,0.262,0.23500000000000001,1.1148936170212767,0.40800000000000003,0.32300000000000006,1.263157894736842,0.09397895405738133,1242.3683061465777,-0.5257209250618734,0.3503445819564095,-0.6664079081789955,0.14754709136367017,0.3876655139496371,1.6462524088729498,0.4616622582624784,,,,0.9081290628152487,0.9171821408164507,0.6159309174112197,0.12614687747332262,-0.6008057719201284,0.9,0.9,0.8181818181818182,0.9090909090909091,0.1138167972430728,0.11381573352066074,0.439478401928785,0.1231915881775914
3,0,0.0,0.0,4.0,0.0,0.0,1.0,0.7488321506113944,0.8000067824097729,0.8536360786087706,0.8871638722209579,0.7429256859095291,0.7942519428811531,0.8510373605920929,0.8846340210556488,-63.71453608836771,-50.73290674184264,-37.12859497828532,-28.62349441996534,-65.40956825744183,-52.35019933269214,-37.901810473103836,-29.353531102650322,0.33475161696896477,-0.07302372691484615,1,0.1,0.1,1.0,0.251,0.236,1.0635593220338984,0.43900000000000006,0.338,1.2988165680473374,0.06200969152478608,1235.5694178286597,-0.3531188821655384,0.3263159989897092,-0.9240967149322129,0.1196997231503526,0.36980873917065094,1.9029560025262313,0.43513288105140835,,,,0.8763086490991479,0.9200521327074304,0.5911302928230843,0.12227894198615145,-0.5861189956414851,0.9,0.9,0.8181818181818182,0.9090909090909091,0.11156438826138498,0.11156452063747267,0.4416584056117264,0.11688026588178098
3,0,0.0,0.0,4.0,0.0,0.0,1.0,0.7682625758973801,0.7935104771568475,0.8423963784529432,0.8968549104260831,0.7569620490469208,0.7811416343622594,0.838407523167987,0.8962115974864616,-58.77440973035698,-52.37091016958507,-39.972222284186984,-26.160175810046155,-61.79603505372799,-55.64801374318074,-41.08730477511989,-26.38975408879776,0.4298230620975546,0.2851835484650711,1,0.1,0.10700000000000001,0.9345794392523364,0.251,0.24500000000000002,1.0244897959183672,0.45200000000000007,0.348,1.298850574712644,0.03660917844223499,1231.6836287717074,-0.30403877086651443,0.22950837650619388,-0.7548654924899612,0.0773768865711778,0.3747668035686963,2.4474701198794335,0.4356923104249487,,,,0.8393082225470027,0.9092197511702496,0.5749910171017442,0.13070893819658017,-0.569466356158248,0.9,0.9,0.9090909090909091,0.9090909090909091,0.11896483021203343,0.11896887722938475,0.4139067461632301,0.11476516562040928
3,0,0.0,0.0,4.0,0.0,0.0,1.0,0.7233012277384755,0.7907262831267022,0.8302691273305457,0.887737100672186,0.72844640632473,0.7895280448730616,0.828933553137275,0.8861223512222667,-70.15467271683727,-53.05961062091697,-43.033851306048945,-28.463324561274817,-68.98081604482644,-53.46468453136322,-43.45478527008845,-28.927524160655423,0.44329571683098895,0.14335321263137502,1,0.1,0.10300000000000001,0.970873786407767,0.254,0.24300000000000002,1.045267489711934,0.40700000000000003,0.29,1.4034482758620692,0.06936289255099415,1238.1362315266229,-0.3131848560845289,0.3983290904182702,-1.2718657453563489,0.13648365851137034,0.4104435785444899,1.4338511828344664,0.5040972578809031,,,,0.8727688179732302,0.9182266699977653,0.5952137486327135,0.12492071321405727,-0.5642742853338806,0.9,0.9,0.8181818181818182,0.9090909090909091,0.11425287294983852,0.11425263042783362,0.4421615098521224,0.11734131252643255
3,0,0.0,0.0,4.0,0.0,0.0,1.0,0.7616062837405952,0.7998186500806158,0.8369921045860782,0.8942973057226096,0.759958445316565,0.7975822217143517,0.8338215053891516,0.8948501015500319,-60.46012348473414,-50.76891004248219,-41.34117979430397,-26.807744973135414,-61.01727585485514,-51.453513671292,-42.24168211286138,-26.728540265842838,0.3072691762042089,0.03840454843084151,1,0.1,0.10200000000000001,0.9803921568627451,0.25,0.248,1.0080645161290323,0.421,0.33,1.2757575757575756,0.03844707879964637,1238.5655420061173,-0.29341510666075366,0.2635120006997837,-0.8980860041553896,0.08572640587247393,0.3341363056253971,1.828952703633283,0.4026230904081681,,,,0.8383366996183829,0.9117559950689186,0.5827382648826099,0.13120365668646122,-0.5973229067621512,0.9,0.9,0.9090909090909091,0.9090909090909091,0.11319693434856656,0.11320005288659966,0.4039646742288385,0.1118088221538026
3,0,0.0,0.0,4.0,0.0,0.0,1.0,0.7302412283044565,0.793657879866054,0.8232985888490884,0.8895488753729909,0.7248327510432985,0.7926717828266383,0.8201277604117294,0.8879909896218287,-68.41753374239707,-52.333493654379765,-44.81587265451802,-28.013152263989724,-69.99442241025741,-52.73817601992798,-45.754186100837615,-28.491784599693716,0.32314564780172156,-0.0015519318872958543,1,0.1,0.098,1.0204081632653061,0.253,0.25999999999999995,0.9730769230769233,0.41,0.332,1.2349397590361444,0.07803631413255296,1233.7227145381028,-0.46657221608554555,0.31475195128398187,-0.6746050031111849,0.12216707391137438,0.3888958415589261,1.7567071021177088,0.4475179053541186,,,,0.8647275077556538,0.9145669569938752,0.5945597130416818,0.12739647474070426,-0.5578771774328802,0.9,0.9,0.8181818181818182,0.9090909090909091,0.11654188833522755,0.11654299329668914,0.43575063314823326,0.1190008214450318
3,0,0.0,0.0,4.0,0.0,0.0,1.0,0.8012401777535217,0.8440777441741177,0.8584844970039182,0.8860281505926588,0.7727684857458752,0.8257668407802046,0.8522840397205073,0.8842594646260075,-50.414671698536495,-39.54908617401097,-35.894868204065006,-28.908525404197746,-57.776660277205366,-44.301117661031554,-37.55876416439668,-29.428583506804017,0.3622739593973727,-0.1045968230637726,1,0.1,0.10600000000000001,0.9433962264150942,0.251,0.23000000000000004,1.0913043478260869,0.425,0.335,1.2686567164179103,0.05724768642100175,1240.675678565072,-0.4014188700403148,0.31555536606614665,-0.7860999808864372,0.09359651647667044,0.3724593194752718,2.093526178724744,0.43070030368677403,,,,0.8345591117150933,0.9125556830180924,0.5789586613232681,0.12629015875848237,-0.5836170244940877,0.9,0.9,0.8181818181818182,0.9090909090909091,0.11472540495087144,0.1147246009256544,0.42726920212086067,0.11336325192860656
3,0,0.0,0.0,4.0,0.0,0.0,1.0,0.7497981244185122,0.7947504577005915,0.8345883137674007,0.890095691191836,0.7354178708196483,0.7892197478313554,0.8340567604832865,0.8900556579468453,-63.459101955934244,-52.057769754587355,-41.95363059106572,-27.875205658809193,-67.26941548645186,-53.59040840512145,-42.19069806717155,-27.953103442284487,0.5119052017297548,0.4979425417822627,2,0.1,0.099,1.0101010101010102,0.25,0.22999999999999998,1.0869565217391306,0.425,0.334,1.2724550898203593,0.05716251235845893,1230.7042833204634,-0.36848114938804744,0.27667538596803276,-0.750853568567943,0.11416803206357118,0.40868452061965854,1.7213952011530698,0.4590921353516745,,,,0.846355993176838,0.9128559723805694,0.5776624284878045,0.1295265772621368,-0.5672807534053507,0.9,0.9,0.9090909090909091,0.9090909090909091,0.11386965558287203,0.11386987216833103,0.4389530771743597,0.11839432423405588
3,0,0.0,0.0,4.0,0.0,0.0,1.0,0.7659669292177911,0.7974460211326743,0.8379797040513539,0.8818303866154408,0.7574905778449549,0.8018439568817386,0.8354104074036396,0.879054158088672,-59.350441416851794,-51.36739015702105,-41.08810797936215,-29.967639586112142,-61.62586309199949,-50.35489786558085,-41.82507883436588,-30.734442517490663,0.37429240409218917,0.20690161417907094,1,0.1,0.10300000000000001,0.970873786407767,0.261,0.242,1.078512396694215,0.402,0.349,1.1518624641833812,0.08182201184870319,1234.5479390630144,-0.5879397735451556,0.3222332304601906,-0.5480718348363994,0.12176458931898626,0.3987737237578516,1.661344675736751,0.44723932313895964,,,,0.8332851014548747,0.91441625592857,0.5866521626564108,0.12651286948556528,-0.5893892750682289,0.9,0.9,0.8181818181818182,0.9090909090909091,0.1154939963940902,0.11549333143355352,0.4394454235534083,0.11855529365547425
3,0,0.0,0.0,4.0,0.0,0.0,1.0,0.7667331363860443,0.817098819007874,0.855890288392535,0.8832260994843414,0.7702044806722942,0.8072509956169467,0.848105866328943,0.8800488163730352,-59.15155646474764,-46.37988168276425,-36.54318325029976,-29.611398134079252,-58.38797473704548,-48.97494969194335,-38.5942722705725,-30.477994957343384,0.4540569975344757,0.18830264901959293,1,0.1,0.10300000000000001,0.970873786407767,0.253,0.23400000000000004,1.081196581196581,0.42700000000000005,0.334,1.2784431137724552,0.0650346431251504,1242.3580270369239,-0.39257087589410006,0.34629632944115096,-0.8821243518191295,0.11080571088800806,0.39349683406081404,2.0947562801093453,0.4319345309208663,,,,0.8796879184766893,0.918112089910606,0.6222389184202489,0.12367069672186003,-0.5494432928310371,0.9,0.9,0.8181818181818182,0.9090909090909091,0.11366047598271052,0.1136582863541675,0.4399720059885534,0.12232353797833655
3,0,0.0,0.0,4.0,0.0,0.0,1.0,0.789664692553467,0.7960248602908835,0.8395814752292476,0.8882941530375051,0.778433323405005,0.7889582163889599,0.8318867084643271,0.8837585224012049,-53.34544007378045,-51.732368302737996,-40.68549833012591,-28.330942804471533,-56.363322555907246,-53.68594368631574,-42.7655630457493,-29.570132101824157,0.3709401746493721,0.13004786290458492,1,0.1,0.10500000000000001,0.9523809523809523,0.261,0.23600000000000004,1.1059322033898304,0.42400000000000004,0.32799999999999996,1.2926829268292686,0.07310034613284666,1239.6694549991,-0.44210018002115226,0.28080122456109724,-0.6351529296994683,0.11298579598633096,0.37668904046680074,1.7016068228272896,0.4102706736314653,,,,0.8609280248819704,0.9115568208285466,0.6041003191446753,0.1323807757765667,-0.5860848236093885,0.9,0.9,0.8181818181818182,0.9090909090909091,0.11896371885452715,0.1189635168104829,0.4244612564089466,0.11985701135275516
3,0,0.0,0.0,4.0,0.0,0.0,1.0,0.7046827982557067,0.7611437419715482,0.8175831718849575,0.8722710724244669,0.6913475449602744,0.7515842029076126,0.8090893436877613,0.8699191740934966,-74.87697331059724,-60.561435472869874,-46.2513524085218,-32.38536544628903,-78.47688998453683,-63.161328738924766,-48.54027346182289,-33.07389426871228,0.33097975420915837,-0.052595526482232646,1,0.1,0.10400000000000001,0.9615384615384615,0.257,0.22399999999999998,1.1473214285714288,0.396,0.308,1.2857142857142858,0.08273491462902238,1237.5466456174997,-0.4390170393790613,0.34974351036795603,-0.796651334678553,0.13844993433254116,0.43875224406764457,1.6630488618658101,0.497603583731837,,,,0.8808174519032415,0.9189903834646523,0.6085408296145075,0.12279854797445483,-0.5816493678511817,0.9,0.9,0.8181818181818182,0.9090909090909091,0.11773383567683922,0.11773548980651645,0.4443616965066426,0.12622756057074852
3,0,0.0,0.0,4.0,0.0,0.0,1.0,0.7614507432155287,0.8161699676803874,0.8642246135471228,0.9041112100040516,0.7521966973760985,0.8135437246926993,0.8618725567546734,0.9012747196916412,-60.501531671768504,-46.62348846744038,-34.43573438230098,-24.319583901068285,-63.004552081062144,-47.4069311589013,-35.119215924988765,-25.10112657516089,0.2763270772216678,-0.1263260205752581,1,0.1,0.097,1.0309278350515465,0.25199999999999995,0.23399999999999999,1.0769230769230766,0.45199999999999996,0.35500000000000004,1.273239436619718,0.03742622654551142,1238.1435694398547,-0.30411407733660006,0.2178607745196087,-0.7163784604369882,0.09522071003743782,0.33164179770717994,1.844689334094453,0.4153912782196144,,,,0.833853736643912,0.9128092885797293,0.5664293634308224,0.1307015100060542,-0.5904275450169989,0.9,0.9,0.9090909090909091,0.9090909090909091,0.11739027539381199,0.1173874102425153,0.41966216059212275,0.11192672916878121
3,0,0.0,0.0,4.0,0.0,0.0,1.0,0.7508203011384414,0.8229353828346574,0.856602624033271,0.8942056093631618,0.7392942947842944,0.8201638585667809,0.854727069970465,0.8903458491845584,-63.2147781186097,-44.91979297632295,-36.37869917149209,-26.839140431006342,-66.35104110859112,-45.76929071488189,-36.972762618984234,-27.907586688458537,0.43462798503382283,0.00531972921853896,1,0.1,0.1,1.0,0.251,0.25199999999999995,0.9960317460317463,0.437,0.339,1.2890855457227137,0.0645227078172127,1243.6666378434595,-0.3415351083079324,0.34715608295510825,-1.0164579702362777,0.109746478000599,0.3834713927851465,1.8932998205902971,0.44887431210508033,,,,0.8396194305571012,0.9143177357393536,0.6214457537797448,0.12352925570239305,-0.5662749743574487,0.9,0.9,0.9090909090909091,0.9090909090909091,0.11684819304631072,0.1168458491982048,0.4292357390263038,0.12070974821680144
3,0,0.0,0.0,4.0,0.0,0.0,1.0,0.8021077911601933,0.8051627230749514,0.8412139065856034,0.8845492946242391,0.7906831275811285,0.7996530957701672,0.8349070610657308,0.8837077374480511,-50.18876403708808,-49.41398236216483,-40.27080106623748,-29.280224037066233,-53.20887046451696,-50.928682202930986,-41.967036392465985,-29.56178287323948,0.23775828321068657,-0.05859174233252196,1,0.1,0.10300000000000001,0.970873786407767,0.259,0.23500000000000001,1.102127659574468,0.44299999999999995,0.349,1.2693409742120343,0.07851399815077598,1233.2262438909609,-0.43550996324235136,0.2785731920478494,-0.6396482642414998,0.11401032246536658,0.37790724725474556,2.64595230056572,0.4430079848319034,,,,0.8627755302137715,0.9128104186540916,0.5863391628914738,0.1302914802273879,-0.5923197575924398,0.9,0.9,0.8181818181818182,0.9090909090909091,0.11775790312160388,0.11775503197501733,0.43077385178934585,0.11757060824393872
3,0,0.0,0.0,4.0,0.0,0.0,1.0,0.7355261201426556,0.7961894275502365,0.8482357365864478,0.8779624260652363,0.7346666020484867,0.7870022346498329,0.8405286919233195,0.8744789543457699,-67.06435819458196,-51.681569620358744,-38.483849248906154,-30.945859666645987,-67.43848152988977,-54.13659183266461,-40.53203609988759,-31.90306529188655,0.4345554383430452,0.22805922026478553,2,0.1,0.10500000000000001,0.9523809523809523,0.253,0.24000000000000005,1.0541666666666665,0.42300000000000004,0.33899999999999997,1.2477876106194692,0.05858769533418429,1233.832112164825,-0.2936862975240847,0.31063841136894516,-1.0577218412563842,0.097522690456471,0.37421359640593144,1.6102822716944154,0.4460349247284847,,,,0.8702662821509825,0.9185059177184985,0.5868839615336541,0.12441887707043618,-0.5839036301249679,0.9,0.9,0.9090909090909091,0.9090909090909091,0.11457969502465053,0.11458053639772758,0.42970897726162943,0.11833149073955401
3,0,0.0,0.0,4.0,0.0,0.0,1.0,0.7551604654949386,0.8116236013408124,0.826878527057488,0.8799245587069318,0.7613013496380923,0.8102239607640862,0.8252027001322803,0.8802974343663189,-62.081499580894956,-47.764709804940054,-43.89667163699946,-30.446322622612627,-60.66075876496862,-48.228000108115,-44.421436082555005,-30.420148779405594,0.3129895519688467,0.013796134832011475,1,0.1,0.10200000000000001,0.9803921568627451,0.25,0.23700000000000002,1.0548523206751055,0.40599999999999997,0.333,1.219219219219219,0.0628246308095084,1239.0019435948186,-0.3924224434561035,0.23569102465710812,-0.6006053644163515,0.1078835077877518,0.37828731757053813,2.2541161966745267,0.4285306982459941,,,,0.8467413623762517,0.9108892496224827,0.5504586469707795,0.1321427661573092,-0.5866542112761268,0.9,0.9,0.8181818181818182,0.9090909090909091,0.1190913834787427,0.1190926280175016,0.441157340931996,0.11938576315861796
3,0,0.0,0.0,4.0,0.0,0.0,1.0,0.7712575347719675,0.796126604468329,0.8301111129331901,0.8806379212762974,0.7646785074355075,0.789925676777862,0.8277992144670985,0.8781511296595106,-58.01130097170031,-51.70426442908192,-43.085464474447406,-30.271377317480784,-59.83752308125972,-53.417675655527546,-43.78719668417921,-30.983717262571076,0.5487720505220594,0.4798650906733224,2,0.1,0.10300000000000001,0.970873786407767,0.258,0.24099999999999996,1.0705394190871371,0.418,0.312,1.3397435897435896,0.05446119618400802,1235.5113497767047,-0.38743208714101424,0.26365224963023526,-0.6805121681474806,0.11886367294267586,0.3843820183206661,2.007314046224893,0.45562788783899966,,,,0.8722158451824523,0.917487878962534,0.5943835059281369,0.1261004932183019,-0.5742490578281857,0.9,0.9,0.8181818181818182,0.9090909090909091,0.11444302177998197,0.1144399187450221,0.4516014176038679,0.11710125735822112
3,0,0.0,0.0,4.0,0.0,0.0,1.0,0.7841358473186062,0.8267896345884428,0.8489818986764777,0.881038681379868,0.7788902307561525,0.8144044189964865,0.845637096751253,0.8776648245754954,-54.747820246905206,-43.929896801573335,-38.3014584060754,-30.17116462946271,-56.248343517885104,-47.21385233853741,-39.268539052103336,-31.120972153923674,0.452480225464882,0.21897311337524172,2,0.1,0.10200000000000001,0.9803921568627451,0.258,0.24000000000000005,1.0749999999999997,0.41100000000000003,0.33799999999999997,1.2159763313609468,0.05715994070030228,1239.0727564261974,-0.341533542916591,0.2658640623007139,-0.7784420236745033,0.1033962474087019,0.35785827453400143,1.869559824932646,0.4332454669260798,,,,0.8141092424737572,0.9162707059869888,0.5849396883529869,0.12211987086259668,-0.589277314040135,0.9,0.9,0.8181818181818182,0.9090909090909091,0.11764566885052788,0.11764514969882431,0.42336410680406883,0.1162176871907901
